"","gmDate","homeTeam","awayTeam","homeTeamRate","awayTeamRate","homeTeamlast10","awayTeamlast10","histRate","Result"
"1","2017-12-01","ORL","GS",0.5,0.727272727272727,0.1,0.7,0.166666666666667,"Loss"
"2","2017-12-01","WAS","DET",0.545454545454545,0.8,0.5,0.6,0.545454545454545,"Win"
"3","2017-12-01","TOR","IND",0.888888888888889,0.6,0.7,0.6,0.681818181818182,"Win"
"4","2017-12-01","CHI","SAC",0.222222222222222,0.4,0.1,0.4,0.583333333333333,"Loss"
"5","2017-12-01","MEM","SA",0.333333333333333,0.833333333333333,0,0.8,0.25,"Loss"
"6","2017-12-01","MIA","CHA",0.5,0.7,0.5,0.3,0.75,"Win"
"7","2017-12-01","OKC","MIN",0.7,0.636363636363636,0.5,0.5,0.666666666666667,"Win"
"8","2017-12-01","UTA","NO",0.714285714285714,0.5,0.6,0.5,0.636363636363636,"Win"
"9","2017-12-02","BOS","PHO",0.833333333333333,0.307692307692308,0.8,0.3,0.666666666666667,"Win"
"10","2017-12-02","DAL","LAC",0.285714285714286,0.4,0.4,0.3,0.333333333333333,"Win"
"11","2017-12-02","BKN","ATL",0.4,0.2,0.3,0.3,0.454545454545455,"Loss"
"12","2017-12-02","CLE","MEM",0.666666666666667,0.333333333333333,1,0,0.583333333333333,"Win"
"13","2017-12-02","PHI","DET",0.636363636363636,0.8,0.7,0.5,0.454545454545455,"Win"
"14","2017-12-02","MIL","SAC",0.6,0.4,0.7,0.4,0.666666666666667,"Win"
"15","2017-12-02","DEN","LAL",0.833333333333333,0.5,0.6,0.3,0.727272727272727,"Win"
"16","2017-12-02","POR","NO",0.538461538461538,0.5,0.6,0.5,0.590909090909091,"Loss"
"17","2017-12-03","NY","ORL",0.666666666666667,0.5,0.4,0.2,0.590909090909091,"Loss"
"18","2017-12-03","MIA","GS",0.454545454545455,0.727272727272727,0.5,0.7,0.25,"Loss"
"19","2017-12-03","MIN","LAC",0.666666666666667,0.4,0.5,0.3,0.318181818181818,"Win"
"20","2017-12-03","OKC","SA",0.727272727272727,0.833333333333333,0.5,0.7,0.545454545454545,"Win"
"21","2017-12-03","LAL","HOU",0.461538461538462,0.727272727272727,0.3,0.9,0.272727272727273,"Loss"
"22","2017-12-04","CHA","ORL",0.727272727272727,0.5,0.4,0.2,0.75,"Win"
"23","2017-12-04","IND","NY",0.636363636363636,0.666666666666667,0.7,0.4,0.666666666666667,"Win"
"24","2017-12-04","PHI","PHO",0.583333333333333,0.307692307692308,0.6,0.4,0.416666666666667,"Loss"
"25","2017-12-04","ATL","BKN",0.181818181818182,0.4,0.3,0.4,0.545454545454545,"Loss"
"26","2017-12-04","BOS","MIL",0.846153846153846,0.6,0.8,0.6,0.5,"Win"
"27","2017-12-04","CHI","CLE",0.2,0.666666666666667,0.1,1,0.583333333333333,"Loss"
"28","2017-12-04","MEM","MIN",0.384615384615385,0.666666666666667,0.1,0.4,0.666666666666667,"Win"
"29","2017-12-04","NO","GS",0.454545454545455,0.727272727272727,0.4,0.8,0.0909090909090909,"Loss"
"30","2017-12-04","DAL","DEN",0.333333333333333,0.833333333333333,0.5,0.5,0.454545454545455,"Win"
"31","2017-12-04","SA","DET",0.846153846153846,0.8,0.7,0.4,0.666666666666667,"Win"
"32","2017-12-04","UTA","WAS",0.733333333333333,0.545454545454545,0.7,0.4,0.666666666666667,"Win"
"33","2017-12-05","TOR","PHO",0.9,0.307692307692308,0.8,0.4,0.5,"Win"
"34","2017-12-05","OKC","UTA",0.75,0.733333333333333,0.5,0.7,0.75,"Win"
"35","2017-12-05","POR","WAS",0.5,0.545454545454545,0.5,0.4,0.416666666666667,"Loss"
"36","2017-12-06","CLE","SAC",0.692307692307692,0.4,1,0.4,0.5,"Win"
"37","2017-12-06","IND","CHI",0.666666666666667,0.2,0.7,0,0.541666666666667,"Win"
"38","2017-12-06","ORL","ATL",0.545454545454545,0.181818181818182,0.3,0.3,0.375,"Win"
"39","2017-12-06","BOS","DAL",0.857142857142857,0.333333333333333,0.8,0.5,0.416666666666667,"Win"
"40","2017-12-06","NY","MEM",0.6875,0.384615384615385,0.4,0.1,0.25,"Win"
"41","2017-12-06","CHA","GS",0.666666666666667,0.727272727272727,0.4,0.8,0.25,"Loss"
"42","2017-12-06","MIL","DET",0.636363636363636,0.8,0.6,0.4,0.458333333333333,"Win"
"43","2017-12-06","NO","DEN",0.5,0.833333333333333,0.5,0.5,0.380952380952381,"Win"
"44","2017-12-06","SA","MIA",0.857142857142857,0.454545454545455,0.8,0.5,0.75,"Win"
"45","2017-12-06","LAC","MIN",0.363636363636364,0.666666666666667,0.3,0.5,0.681818181818182,"Loss"
"46","2017-12-07","PHI","LAL",0.538461538461538,0.461538461538462,0.5,0.3,0.416666666666667,"Loss"
"47","2017-12-07","PHO","WAS",0.285714285714286,0.545454545454545,0.3,0.5,0.333333333333333,"Loss"
"48","2017-12-07","BKN","OKC",0.454545454545455,0.75,0.5,0.4,0.5,"Win"
"49","2017-12-07","UTA","HOU",0.6875,0.727272727272727,0.7,0.9,0.318181818181818,"Loss"
"50","2017-12-08","CHA","CHI",0.615384615384615,0.2,0.4,0.1,0.409090909090909,"Loss"
"51","2017-12-08","DET","GS",0.727272727272727,0.727272727272727,0.4,0.8,0.166666666666667,"Loss"
"52","2017-12-08","IND","CLE",0.692307692307692,0.692307692307692,0.7,0.9,0.583333333333333,"Win"
"53","2017-12-08","ORL","DEN",0.5,0.833333333333333,0.3,0.5,0.25,"Loss"
"54","2017-12-08","MEM","TOR",0.357142857142857,0.9,0.1,0.8,0.333333333333333,"Loss"
"55","2017-12-08","MIL","DAL",0.666666666666667,0.333333333333333,0.6,0.5,0.25,"Win"
"56","2017-12-08","NO","SAC",0.461538461538462,0.4,0.5,0.4,0.590909090909091,"Loss"
"57","2017-12-08","SA","BOS",0.866666666666667,0.857142857142857,0.8,0.7,0.916666666666667,"Win"
"58","2017-12-09","LAC","WAS",0.416666666666667,0.545454545454545,0.4,0.5,0.666666666666667,"Win"
"59","2017-12-09","BKN","MIA",0.416666666666667,0.454545454545455,0.4,0.5,0.363636363636364,"Loss"
"60","2017-12-09","CHA","LAL",0.571428571428571,0.461538461538462,0.3,0.4,0.583333333333333,"Loss"
"61","2017-12-09","ATL","ORL",0.25,0.5,0.3,0.3,0.625,"Win"
"62","2017-12-09","CHI","NY",0.272727272727273,0.6875,0.2,0.4,0.590909090909091,"Win"
"63","2017-12-09","CLE","PHI",0.714285714285714,0.538461538461538,0.9,0.5,0.681818181818182,"Win"
"64","2017-12-09","MIL","UTA",0.692307692307692,0.6875,0.7,0.6,0.25,"Win"
"65","2017-12-09","MEM","OKC",0.333333333333333,0.75,0.1,0.5,0.363636363636364,"Loss"
"66","2017-12-09","PHO","SA",0.266666666666667,0.866666666666667,0.2,0.8,0.181818181818182,"Loss"
"67","2017-12-09","POR","HOU",0.466666666666667,0.727272727272727,0.5,0.9,0.363636363636364,"Loss"
"68","2017-12-10","SAC","TOR",0.363636363636364,0.9,0.4,0.8,0.583333333333333,"Loss"
"69","2017-12-10","DET","BOS",0.666666666666667,0.857142857142857,0.3,0.7,0.476190476190476,"Loss"
"70","2017-12-10","IND","DEN",0.714285714285714,0.833333333333333,0.7,0.5,0.25,"Win"
"71","2017-12-10","MIN","DAL",0.692307692307692,0.333333333333333,0.6,0.4,0.5,"Win"
"72","2017-12-10","NO","PHI",0.5,0.538461538461538,0.5,0.4,0.583333333333333,"Win"
"73","2017-12-10","NY","ATL",0.705882352941177,0.25,0.4,0.3,0.476190476190476,"Win"
"74","2017-12-11","CHI","BOS",0.333333333333333,0.857142857142857,0.3,0.7,0.545454545454545,"Win"
"75","2017-12-11","HOU","NO",0.75,0.5,1,0.4,0.708333333333333,"Win"
"76","2017-12-11","MEM","MIA",0.3125,0.454545454545455,0.1,0.6,0.5,"Loss"
"77","2017-12-11","OKC","CHA",0.692307692307692,0.571428571428571,0.5,0.3,0.75,"Loss"
"78","2017-12-11","GS","POR",0.75,0.466666666666667,0.9,0.4,0.761904761904762,"Win"
"79","2017-12-11","LAC","TOR",0.461538461538462,0.9,0.5,0.7,0.5,"Win"
"80","2017-12-12","CLE","ATL",0.733333333333333,0.25,0.9,0.3,0.454545454545455,"Win"
"81","2017-12-12","DET","DEN",0.615384615384615,0.833333333333333,0.3,0.5,0.333333333333333,"Loss"
"82","2017-12-12","NY","LAL",0.722222222222222,0.461538461538462,0.4,0.4,0.666666666666667,"Win"
"83","2017-12-12","BKN","WAS",0.461538461538462,0.545454545454545,0.5,0.4,0.333333333333333,"Win"
"84","2017-12-12","MIN","PHI",0.642857142857143,0.538461538461538,0.5,0.4,0.5,"Loss"
"85","2017-12-12","DAL","SA",0.375,0.866666666666667,0.5,0.8,0.166666666666667,"Win"
"86","2017-12-12","SAC","PHO",0.416666666666667,0.266666666666667,0.5,0.2,0.583333333333333,"Win"
"87","2017-12-13","IND","OKC",0.666666666666667,0.692307692307692,0.6,0.5,0.416666666666667,"Loss"
"88","2017-12-13","ORL","LAC",0.461538461538462,0.461538461538462,0.3,0.6,0.166666666666667,"Loss"
"89","2017-12-13","WAS","MEM",0.583333333333333,0.3125,0.5,0.1,0.583333333333333,"Win"
"90","2017-12-13","BOS","DEN",0.866666666666667,0.833333333333333,0.7,0.5,0.666666666666667,"Win"
"91","2017-12-13","MIA","POR",0.416666666666667,0.466666666666667,0.5,0.4,0.416666666666667,"Loss"
"92","2017-12-13","CHI","UTA",0.384615384615385,0.6875,0.4,0.6,0.666666666666667,"Win"
"93","2017-12-13","NO","MIL",0.533333333333333,0.692307692307692,0.4,0.7,0.75,"Win"
"94","2017-12-13","PHO","TOR",0.25,0.9,0.2,0.7,0.5,"Loss"
"95","2017-12-13","HOU","CHA",0.769230769230769,0.571428571428571,1,0.2,0.916666666666667,"Win"
"96","2017-12-14","ATL","DET",0.230769230769231,0.615384615384615,0.3,0.3,0.545454545454545,"Loss"
"97","2017-12-14","BKN","NY",0.428571428571429,0.722222222222222,0.5,0.5,0.458333333333333,"Loss"
"98","2017-12-14","CLE","LAL",0.75,0.461538461538462,0.9,0.3,0.75,"Win"
"99","2017-12-14","MIN","SAC",0.666666666666667,0.416666666666667,0.6,0.4,0.571428571428571,"Win"
"100","2017-12-14","GS","DAL",0.769230769230769,0.375,0.9,0.4,0.863636363636364,"Win"
"101","2017-12-15","CHA","MIA",0.533333333333333,0.416666666666667,0.2,0.5,0.25,"Loss"
"102","2017-12-15","IND","DET",0.625,0.615384615384615,0.5,0.3,0.708333333333333,"Loss"
"103","2017-12-15","ORL","POR",0.428571428571429,0.466666666666667,0.3,0.5,0.416666666666667,"Loss"
"104","2017-12-15","PHI","OKC",0.5,0.692307692307692,0.3,0.6,0,"Loss"
"105","2017-12-15","WAS","LAC",0.615384615384615,0.461538461538462,0.6,0.5,0.333333333333333,"Win"
"106","2017-12-15","BOS","UTA",0.8125,0.6875,0.6,0.6,0.75,"Loss"
"107","2017-12-15","TOR","BKN",0.909090909090909,0.428571428571429,0.8,0.5,0.708333333333333,"Win"
"108","2017-12-15","MEM","ATL",0.352941176470588,0.230769230769231,0.2,0.2,0.416666666666667,"Win"
"109","2017-12-15","MIL","CHI",0.642857142857143,0.384615384615385,0.6,0.5,0.416666666666667,"Loss"
"110","2017-12-15","DEN","NO",0.846153846153846,0.533333333333333,0.5,0.4,0.619047619047619,"Win"
"111","2017-12-15","HOU","SA",0.785714285714286,0.866666666666667,1,0.7,0.458333333333333,"Win"
"112","2017-12-16","CHA","POR",0.5,0.466666666666667,0.2,0.5,0.25,"Loss"
"113","2017-12-16","CLE","UTA",0.764705882352941,0.6875,0.9,0.5,0.583333333333333,"Win"
"114","2017-12-16","NY","OKC",0.736842105263158,0.692307692307692,0.6,0.6,0.333333333333333,"Win"
"115","2017-12-16","HOU","MIL",0.8,0.642857142857143,1,0.6,0.75,"Win"
"116","2017-12-16","MIA","LAC",0.461538461538462,0.461538461538462,0.5,0.4,0.5,"Win"
"117","2017-12-16","MIN","PHO",0.625,0.25,0.5,0.3,0.545454545454545,"Loss"
"118","2017-12-16","SA","DAL",0.875,0.375,0.7,0.3,0.833333333333333,"Win"
"119","2017-12-16","MEM","BOS",0.333333333333333,0.8125,0.2,0.7,0.5,"Loss"
"120","2017-12-17","TOR","SAC",0.916666666666667,0.416666666666667,0.9,0.4,0.416666666666667,"Win"
"121","2017-12-17","DET","ORL",0.642857142857143,0.428571428571429,0.3,0.3,0.523809523809524,"Win"
"122","2017-12-17","BKN","IND",0.4,0.625,0.4,0.6,0.318181818181818,"Loss"
"123","2017-12-17","WAS","CLE",0.571428571428571,0.764705882352941,0.5,0.9,0.318181818181818,"Loss"
"124","2017-12-18","CHA","NY",0.529411764705882,0.736842105263158,0.3,0.6,0.545454545454545,"Win"
"125","2017-12-18","IND","BOS",0.588235294117647,0.8125,0.5,0.7,0.476190476190476,"Loss"
"126","2017-12-18","ATL","MIA",0.285714285714286,0.461538461538462,0.3,0.5,0.416666666666667,"Win"
"127","2017-12-18","CHI","PHI",0.428571428571429,0.5,0.6,0.3,0.80952380952381,"Win"
"128","2017-12-18","HOU","UTA",0.8125,0.6875,1,0.4,0.681818181818182,"Win"
"129","2017-12-18","MIN","POR",0.647058823529412,0.466666666666667,0.6,0.4,0.291666666666667,"Win"
"130","2017-12-18","OKC","DEN",0.714285714285714,0.846153846153846,0.7,0.5,0.625,"Win"
"131","2017-12-18","DAL","PHO",0.352941176470588,0.25,0.3,0.3,0.476190476190476,"Loss"
"132","2017-12-18","SA","LAC",0.882352941176471,0.461538461538462,0.7,0.3,0.523809523809524,"Win"
"133","2017-12-18","LAL","GS",0.428571428571429,0.769230769230769,0.2,0.9,0.291666666666667,"Loss"
"134","2017-12-19","PHI","SAC",0.466666666666667,0.416666666666667,0.2,0.4,0.5,"Loss"
"135","2017-12-19","WAS","NO",0.6,0.533333333333333,0.6,0.4,0.916666666666667,"Win"
"136","2017-12-19","MIL","CLE",0.666666666666667,0.764705882352941,0.6,0.8,0.333333333333333,"Win"
"137","2017-12-20","CHA","TOR",0.5,0.916666666666667,0.3,0.9,0.454545454545455,"Loss"
"138","2017-12-20","ATL","IND",0.266666666666667,0.588235294117647,0.3,0.6,0.5,"Loss"
"139","2017-12-20","BOS","MIA",0.764705882352941,0.461538461538462,0.6,0.6,0.571428571428571,"Loss"
"140","2017-12-20","BKN","SAC",0.375,0.416666666666667,0.4,0.5,0.583333333333333,"Loss"
"141","2017-12-20","CHI","ORL",0.466666666666667,0.428571428571429,0.7,0.2,0.727272727272727,"Win"
"142","2017-12-20","HOU","LAL",0.764705882352941,0.428571428571429,0.9,0.3,0.727272727272727,"Loss"
"143","2017-12-20","OKC","UTA",0.733333333333333,0.6875,0.7,0.3,0.75,"Win"
"144","2017-12-20","DAL","DET",0.388888888888889,0.642857142857143,0.4,0.3,0.583333333333333,"Win"
"145","2017-12-20","DEN","MIN",0.785714285714286,0.647058823529412,0.4,0.6,0.541666666666667,"Loss"
"146","2017-12-20","POR","SA",0.4375,0.882352941176471,0.3,0.7,0.476190476190476,"Loss"
"147","2017-12-20","GS","MEM",0.785714285714286,0.333333333333333,1,0.2,0.571428571428571,"Win"
"148","2017-12-20","LAC","PHO",0.5,0.25,0.4,0.3,0.833333333333333,"Win"
"149","2017-12-21","CLE","CHI",0.777777777777778,0.466666666666667,0.8,0.7,0.416666666666667,"Win"
"150","2017-12-21","PHI","TOR",0.4375,0.916666666666667,0.2,0.9,0.208333333333333,"Loss"
"151","2017-12-21","NY","BOS",0.75,0.764705882352941,0.6,0.5,0.375,"Win"
"152","2017-12-21","PHO","MEM",0.294117647058824,0.333333333333333,0.4,0.2,0.318181818181818,"Win"
"153","2017-12-21","UTA","SA",0.705882352941177,0.882352941176471,0.3,0.7,0.363636363636364,"Win"
"154","2017-12-22","DET","NY",0.666666666666667,0.75,0.4,0.6,0.523809523809524,"Win"
"155","2017-12-22","ORL","NO",0.4,0.533333333333333,0.2,0.5,0.583333333333333,"Loss"
"156","2017-12-22","BKN","WAS",0.411764705882353,0.6,0.4,0.5,0.333333333333333,"Win"
"157","2017-12-22","HOU","LAC",0.722222222222222,0.5,0.8,0.5,0.409090909090909,"Loss"
"158","2017-12-22","MIA","DAL",0.5,0.388888888888889,0.6,0.3,0.833333333333333,"Win"
"159","2017-12-22","MIL","CHA",0.6875,0.5,0.6,0.2,0.363636363636364,"Win"
"160","2017-12-22","OKC","ATL",0.75,0.266666666666667,0.7,0.2,0.666666666666667,"Win"
"161","2017-12-22","POR","DEN",0.411764705882353,0.785714285714286,0.3,0.4,0.666666666666667,"Loss"
"162","2017-12-22","GS","LAL",0.8,0.428571428571429,1,0.3,0.708333333333333,"Win"
"163","2017-12-23","TOR","PHI",0.923076923076923,0.4375,0.9,0.1,0.791666666666667,"Win"
"164","2017-12-23","CHA","MIL",0.526315789473684,0.6875,0.3,0.5,0.636363636363636,"Win"
"165","2017-12-23","IND","BKN",0.611111111111111,0.411764705882353,0.7,0.4,0.681818181818182,"Win"
"166","2017-12-23","WAS","ORL",0.625,0.4,0.6,0.1,0.791666666666667,"Win"
"167","2017-12-23","ATL","DAL",0.3125,0.388888888888889,0.3,0.2,0.833333333333333,"Win"
"168","2017-12-23","BOS","CHI",0.777777777777778,0.466666666666667,0.5,0.7,0.454545454545455,"Win"
"169","2017-12-23","MEM","LAC",0.368421052631579,0.5,0.2,0.5,0.409090909090909,"Win"
"170","2017-12-23","MIA","NO",0.466666666666667,0.533333333333333,0.6,0.5,0.5,"Loss"
"171","2017-12-23","UTA","OKC",0.666666666666667,0.75,0.2,0.7,0.25,"Loss"
"172","2017-12-23","GS","DEN",0.75,0.785714285714286,0.9,0.5,0.545454545454545,"Loss"
"173","2017-12-23","PHO","MIN",0.277777777777778,0.647058823529412,0.3,0.7,0.454545454545455,"Loss"
"174","2017-12-23","LAL","POR",0.4,0.411764705882353,0.3,0.4,0.19047619047619,"Loss"
"175","2017-12-23","SAC","SA",0.384615384615385,0.882352941176471,0.4,0.7,0.0454545454545455,"Loss"
"176","2017-12-25","GS","CLE",0.764705882352941,0.777777777777778,0.9,0.7,0.75,"Win"
"177","2017-12-25","BOS","WAS",0.736842105263158,0.625,0.5,0.6,0.545454545454545,"Loss"
"178","2017-12-25","OKC","HOU",0.764705882352941,0.722222222222222,0.8,0.7,0.476190476190476,"Win"
"179","2017-12-25","NY","PHI",0.714285714285714,0.4375,0.6,0.2,0.625,"Loss"
"180","2017-12-25","LAL","MIN",0.375,0.647058823529412,0.3,0.7,0.454545454545455,"Loss"
"181","2017-12-26","DAL","TOR",0.421052631578947,0.923076923076923,0.3,0.8,0.333333333333333,"Win"
"182","2017-12-26","DET","IND",0.6875,0.611111111111111,0.5,0.6,0.291666666666667,"Win"
"183","2017-12-26","MIA","ORL",0.5,0.4,0.7,0.1,0.708333333333333,"Win"
"184","2017-12-26","MIL","CHI",0.647058823529412,0.466666666666667,0.5,0.8,0.416666666666667,"Loss"
"185","2017-12-26","SA","BKN",0.888888888888889,0.411764705882353,0.7,0.3,0.833333333333333,"Win"
"186","2017-12-26","DEN","UTA",0.8,0.666666666666667,0.6,0.2,0.458333333333333,"Win"
"187","2017-12-26","PHO","MEM",0.315789473684211,0.368421052631579,0.4,0.2,0.318181818181818,"Win"
"188","2017-12-26","LAC","SAC",0.533333333333333,0.384615384615385,0.6,0.4,0.833333333333333,"Win"
"189","2017-12-27","CHA","BOS",0.5,0.736842105263158,0.3,0.5,0.285714285714286,"Loss"
"190","2017-12-27","IND","DAL",0.578947368421053,0.421052631578947,0.5,0.4,0.583333333333333,"Loss"
"191","2017-12-27","ATL","WAS",0.352941176470588,0.625,0.4,0.5,0.5,"Win"
"192","2017-12-27","CHI","NY",0.5,0.714285714285714,0.8,0.5,0.590909090909091,"Win"
"193","2017-12-27","MIN","DEN",0.666666666666667,0.8,0.8,0.5,0.458333333333333,"Win"
"194","2017-12-27","NO","BKN",0.5625,0.411764705882353,0.6,0.2,0.666666666666667,"Win"
"195","2017-12-27","OKC","TOR",0.777777777777778,0.923076923076923,0.8,0.7,0.666666666666667,"Win"
"196","2017-12-27","SAC","CLE",0.428571428571429,0.777777777777778,0.5,0.6,0.5,"Win"
"197","2017-12-27","GS","UTA",0.777777777777778,0.666666666666667,0.9,0.2,0.681818181818182,"Win"
"198","2017-12-27","LAL","MEM",0.352941176470588,0.368421052631579,0.3,0.3,0.318181818181818,"Loss"
"199","2017-12-28","ORL","DET",0.4375,0.6875,0.1,0.5,0.476190476190476,"Win"
"200","2017-12-28","BOS","HOU",0.75,0.722222222222222,0.6,0.6,0.333333333333333,"Win"
"201","2017-12-28","MIL","MIN",0.666666666666667,0.666666666666667,0.5,0.7,0.5,"Win"
"202","2017-12-28","SA","NY",0.894736842105263,0.714285714285714,0.7,0.5,0.583333333333333,"Win"
"203","2017-12-28","POR","PHI",0.444444444444444,0.4375,0.5,0.2,0.583333333333333,"Win"
"204","2017-12-29","WAS","HOU",0.647058823529412,0.722222222222222,0.6,0.5,0.333333333333333,"Win"
"205","2017-12-29","TOR","ATL",0.928571428571429,0.352941176470588,0.7,0.3,0.636363636363636,"Win"
"206","2017-12-29","CHI","IND",0.529411764705882,0.578947368421053,0.8,0.4,0.458333333333333,"Win"
"207","2017-12-29","MIA","BKN",0.470588235294118,0.411764705882353,0.6,0.3,0.636363636363636,"Loss"
"208","2017-12-29","NO","DAL",0.529411764705882,0.421052631578947,0.5,0.5,0.375,"Loss"
"209","2017-12-29","OKC","MIL",0.736842105263158,0.666666666666667,0.8,0.5,0.666666666666667,"Loss"
"210","2017-12-29","SAC","PHO",0.4,0.315789473684211,0.4,0.5,0.583333333333333,"Loss"
"211","2017-12-29","GS","CHA",0.736842105263158,0.5,0.8,0.4,0.75,"Loss"
"212","2017-12-29","LAL","LAC",0.333333333333333,0.533333333333333,0.2,0.6,0.125,"Loss"
"213","2017-12-30","DET","SA",0.705882352941177,0.894736842105263,0.6,0.6,0.333333333333333,"Win"
"214","2017-12-30","NO","NY",0.5,0.714285714285714,0.5,0.5,0.5,"Loss"
"215","2017-12-30","ORL","MIA",0.411764705882353,0.470588235294118,0.1,0.6,0.291666666666667,"Loss"
"216","2017-12-30","ATL","POR",0.388888888888889,0.444444444444444,0.4,0.5,0.583333333333333,"Win"
"217","2017-12-30","UTA","CLE",0.684210526315789,0.777777777777778,0.3,0.6,0.416666666666667,"Win"
"218","2017-12-30","GS","MEM",0.75,0.368421052631579,0.8,0.3,0.571428571428571,"Win"
"219","2017-12-30","DEN","PHI",0.75,0.4375,0.5,0.3,0.416666666666667,"Loss"
"220","2017-12-31","WAS","CHI",0.666666666666667,0.529411764705882,0.7,0.7,0.619047619047619,"Win"
"221","2017-12-31","IND","MIN",0.55,0.666666666666667,0.3,0.7,0.583333333333333,"Loss"
"222","2017-12-31","BOS","BKN",0.761904761904762,0.411764705882353,0.6,0.2,0.625,"Win"
"223","2017-12-31","HOU","LAL",0.736842105263158,0.333333333333333,0.5,0.1,0.727272727272727,"Win"
"224","2017-12-31","LAC","CHA",0.5625,0.5,0.6,0.3,0.833333333333333,"Win"
"225","2017-12-31","OKC","DAL",0.7,0.421052631578947,0.7,0.5,0.636363636363636,"Loss"
"226","2017-12-31","SAC","MEM",0.375,0.368421052631579,0.4,0.4,0.19047619047619,"Loss"
"227","2017-12-31","PHO","PHI",0.3,0.4375,0.5,0.4,0.583333333333333,"Loss"
"228","2018-01-01","BKN","ORL",0.444444444444444,0.411764705882353,0.3,0.1,0.590909090909091,"Win"
"229","2018-01-01","TOR","MIL",0.933333333333333,0.666666666666667,0.8,0.4,0.714285714285714,"Win"
"230","2018-01-01","CHI","POR",0.5,0.444444444444444,0.6,0.6,0.25,"Loss"
"231","2018-01-01","MIN","LAL",0.684210526315789,0.333333333333333,0.8,0.1,0.545454545454545,"Win"
"232","2018-01-02","CLE","POR",0.789473684210526,0.444444444444444,0.6,0.5,0.416666666666667,"Win"
"233","2018-01-02","NY","SA",0.681818181818182,0.894736842105263,0.4,0.7,0.416666666666667,"Loss"
"234","2018-01-02","PHO","ATL",0.333333333333333,0.388888888888889,0.6,0.4,0.5,"Win"
"235","2018-01-02","SAC","CHA",0.352941176470588,0.5,0.3,0.4,0.416666666666667,"Loss"
"236","2018-01-02","LAC","MEM",0.588235294117647,0.368421052631579,0.6,0.4,0.590909090909091,"Win"
"237","2018-01-03","ORL","HOU",0.388888888888889,0.736842105263158,0.1,0.5,0.166666666666667,"Loss"
"238","2018-01-03","PHI","SA",0.470588235294118,0.894736842105263,0.4,0.7,0.166666666666667,"Win"
"239","2018-01-03","WAS","NY",0.684210526315789,0.681818181818182,0.7,0.3,0.761904761904762,"Win"
"240","2018-01-03","BKN","MIN",0.473684210526316,0.684210526315789,0.4,0.7,0.416666666666667,"Win"
"241","2018-01-03","MIA","DET",0.5,0.705882352941177,0.7,0.6,0.545454545454545,"Win"
"242","2018-01-03","BOS","CLE",0.772727272727273,0.789473684210526,0.7,0.5,0.476190476190476,"Win"
"243","2018-01-03","CHI","TOR",0.473684210526316,0.933333333333333,0.5,0.8,0.590909090909091,"Loss"
"244","2018-01-03","MIL","IND",0.684210526315789,0.55,0.5,0.3,0.375,"Win"
"245","2018-01-03","DAL","GS",0.4,0.75,0.5,0.8,0.136363636363636,"Loss"
"246","2018-01-03","DEN","PHO",0.764705882352941,0.333333333333333,0.5,0.6,0.523809523809524,"Win"
"247","2018-01-03","UTA","NO",0.65,0.5,0.3,0.5,0.636363636363636,"Loss"
"248","2018-01-03","LAL","OKC",0.315789473684211,0.7,0.1,0.7,0.227272727272727,"Loss"
"249","2018-01-04","HOU","GS",0.7,0.75,0.4,0.8,0.380952380952381,"Loss"
"250","2018-01-04","LAC","OKC",0.555555555555556,0.7,0.6,0.8,0.333333333333333,"Loss"
"251","2018-01-05","MIA","NY",0.526315789473684,0.681818181818182,0.7,0.2,0.590909090909091,"Win"
"252","2018-01-05","PHI","DET",0.5,0.705882352941177,0.5,0.6,0.454545454545455,"Win"
"253","2018-01-05","BOS","MIN",0.782608695652174,0.684210526315789,0.7,0.7,0.666666666666667,"Win"
"254","2018-01-05","MIL","TOR",0.65,0.933333333333333,0.5,0.8,0.285714285714286,"Loss"
"255","2018-01-05","DAL","CHI",0.380952380952381,0.473684210526316,0.5,0.5,0.583333333333333,"Loss"
"256","2018-01-05","SA","PHO",0.9,0.333333333333333,0.7,0.5,0.818181818181818,"Win"
"257","2018-01-05","DEN","UTA",0.777777777777778,0.65,0.6,0.2,0.458333333333333,"Win"
"258","2018-01-05","MEM","WAS",0.35,0.684210526315789,0.3,0.7,0.416666666666667,"Loss"
"259","2018-01-05","POR","ATL",0.473684210526316,0.388888888888889,0.5,0.4,0.416666666666667,"Win"
"260","2018-01-05","LAL","CHA",0.3,0.5,0.1,0.5,0.416666666666667,"Loss"
"261","2018-01-06","LAC","GS",0.526315789473684,0.75,0.6,0.8,0.208333333333333,"Loss"
"262","2018-01-06","BKN","BOS",0.45,0.782608695652174,0.4,0.7,0.375,"Loss"
"263","2018-01-06","DET","HOU",0.722222222222222,0.7,0.6,0.3,0.416666666666667,"Win"
"264","2018-01-06","IND","CHI",0.571428571428571,0.473684210526316,0.4,0.4,0.541666666666667,"Win"
"265","2018-01-06","ORL","CLE",0.368421052631579,0.789473684210526,0.1,0.5,0.136363636363636,"Loss"
"266","2018-01-06","WAS","MIL",0.65,0.65,0.7,0.6,0.681818181818182,"Loss"
"267","2018-01-06","MIN","NO",0.7,0.5,0.7,0.5,0.5,"Win"
"268","2018-01-06","SAC","DEN",0.388888888888889,0.777777777777778,0.4,0.5,0.454545454545455,"Win"
"269","2018-01-07","MIA","UTA",0.55,0.65,0.7,0.2,0.583333333333333,"Win"
"270","2018-01-07","DAL","NY",0.363636363636364,0.681818181818182,0.5,0.3,0.666666666666667,"Loss"
"271","2018-01-07","PHO","OKC",0.363636363636364,0.7,0.5,0.7,0.285714285714286,"Win"
"272","2018-01-07","POR","SA",0.5,0.9,0.5,0.6,0.476190476190476,"Win"
"273","2018-01-07","LAL","ATL",0.333333333333333,0.388888888888889,0.1,0.4,0.583333333333333,"Win"
"274","2018-01-08","IND","MIL",0.590909090909091,0.65,0.4,0.5,0.625,"Win"
"275","2018-01-08","BKN","TOR",0.428571428571429,0.933333333333333,0.4,0.8,0.291666666666667,"Loss"
"276","2018-01-08","CHI","HOU",0.45,0.7,0.4,0.3,0.333333333333333,"Loss"
"277","2018-01-08","MIN","CLE",0.714285714285714,0.789473684210526,0.7,0.4,0.333333333333333,"Win"
"278","2018-01-08","NO","DET",0.526315789473684,0.722222222222222,0.5,0.5,0.916666666666667,"Win"
"279","2018-01-08","SAC","SA",0.368421052631579,0.9,0.4,0.6,0.0454545454545455,"Loss"
"280","2018-01-08","GS","DEN",0.761904761904762,0.777777777777778,0.8,0.5,0.545454545454545,"Win"
"281","2018-01-08","LAC","ATL",0.55,0.388888888888889,0.7,0.3,0.583333333333333,"Win"
"282","2018-01-09","TOR","MIA",0.875,0.55,0.7,0.8,0.428571428571429,"Loss"
"283","2018-01-09","OKC","POR",0.666666666666667,0.5,0.6,0.6,0.416666666666667,"Loss"
"284","2018-01-09","DAL","ORL",0.391304347826087,0.368421052631579,0.5,0.1,0.75,"Win"
"285","2018-01-09","LAL","SAC",0.363636363636364,0.368421052631579,0.2,0.3,0.458333333333333,"Win"
"286","2018-01-10","CHA","DAL",0.476190476190476,0.391304347826087,0.5,0.6,0.5,"Loss"
"287","2018-01-10","IND","MIA",0.565217391304348,0.55,0.4,0.8,0.545454545454545,"Loss"
"288","2018-01-10","WAS","UTA",0.619047619047619,0.65,0.6,0.3,0.333333333333333,"Loss"
"289","2018-01-10","BKN","DET",0.409090909090909,0.722222222222222,0.3,0.5,0.5,"Loss"
"290","2018-01-10","NY","CHI",0.652173913043478,0.45,0.2,0.5,0.409090909090909,"Loss"
"291","2018-01-10","HOU","POR",0.714285714285714,0.5,0.4,0.6,0.636363636363636,"Win"
"292","2018-01-10","MEM","NO",0.380952380952381,0.526315789473684,0.4,0.5,0.541666666666667,"Win"
"293","2018-01-10","MIL","ORL",0.666666666666667,0.368421052631579,0.5,0.1,0.590909090909091,"Win"
"294","2018-01-10","MIN","OKC",0.727272727272727,0.666666666666667,0.7,0.5,0.333333333333333,"Win"
"295","2018-01-10","DEN","ATL",0.736842105263158,0.388888888888889,0.5,0.4,0.333333333333333,"Loss"
"296","2018-01-10","GS","LAC",0.727272727272727,0.55,0.7,0.7,0.791666666666667,"Loss"
"297","2018-01-11","PHI","BOS",0.473684210526316,0.782608695652174,0.5,0.8,0.291666666666667,"Loss"
"298","2018-01-11","TOR","CLE",0.882352941176471,0.789473684210526,0.7,0.3,0.428571428571429,"Win"
"299","2018-01-11","SAC","LAC",0.35,0.55,0.2,0.7,0.166666666666667,"Loss"
"300","2018-01-11","LAL","SA",0.391304347826087,0.9,0.3,0.6,0.333333333333333,"Win"
"301","2018-01-12","CHA","UTA",0.5,0.65,0.5,0.3,0.333333333333333,"Win"
"302","2018-01-12","IND","CLE",0.583333333333333,0.789473684210526,0.4,0.3,0.583333333333333,"Win"
"303","2018-01-12","WAS","ORL",0.636363636363636,0.368421052631579,0.7,0.1,0.791666666666667,"Win"
"304","2018-01-12","ATL","BKN",0.368421052631579,0.409090909090909,0.4,0.4,0.545454545454545,"Loss"
"305","2018-01-12","MIL","GS",0.636363636363636,0.727272727272727,0.5,0.8,0.333333333333333,"Loss"
"306","2018-01-12","MIN","NY",0.739130434782609,0.652173913043478,0.7,0.2,0.416666666666667,"Win"
"307","2018-01-12","NO","POR",0.55,0.5,0.6,0.6,0.409090909090909,"Win"
"308","2018-01-12","DEN","MEM",0.75,0.380952380952381,0.5,0.4,0.409090909090909,"Win"
"309","2018-01-12","PHO","HOU",0.347826086956522,0.714285714285714,0.5,0.5,0.227272727272727,"Loss"
"310","2018-01-13","DAL","LAL",0.375,0.391304347826087,0.6,0.4,0.727272727272727,"Loss"
"311","2018-01-13","LAC","SAC",0.571428571428571,0.35,0.8,0.2,0.833333333333333,"Win"
"312","2018-01-13","CHA","OKC",0.478260869565217,0.666666666666667,0.5,0.5,0.25,"Loss"
"313","2018-01-13","WAS","BKN",0.652173913043478,0.409090909090909,0.7,0.4,0.666666666666667,"Win"
"314","2018-01-13","TOR","GS",0.833333333333333,0.727272727272727,0.6,0.8,0.0833333333333333,"Loss"
"315","2018-01-13","CHI","DET",0.476190476190476,0.722222222222222,0.5,0.5,0.5,"Win"
"316","2018-01-13","SA","DEN",0.904761904761905,0.75,0.6,0.4,0.772727272727273,"Win"
"317","2018-01-14","MIA","MIL",0.571428571428571,0.636363636363636,0.8,0.5,0.619047619047619,"Win"
"318","2018-01-14","NY","NO",0.625,0.55,0.2,0.6,0.5,"Loss"
"319","2018-01-14","PHO","IND",0.333333333333333,0.583333333333333,0.4,0.4,0.416666666666667,"Loss"
"320","2018-01-14","MIN","POR",0.75,0.5,0.7,0.5,0.291666666666667,"Win"
"321","2018-01-15","PHI","TOR",0.5,0.833333333333333,0.6,0.6,0.208333333333333,"Win"
"322","2018-01-15","WAS","MIL",0.625,0.636363636363636,0.6,0.5,0.681818181818182,"Loss"
"323","2018-01-15","ATL","SA",0.4,0.904761904761905,0.4,0.5,0.166666666666667,"Win"
"324","2018-01-15","BKN","NY",0.391304347826087,0.625,0.4,0.3,0.458333333333333,"Loss"
"325","2018-01-15","OKC","SAC",0.681818181818182,0.35,0.5,0.2,0.772727272727273,"Win"
"326","2018-01-15","CHI","MIA",0.5,0.571428571428571,0.5,0.8,0.409090909090909,"Win"
"327","2018-01-15","MEM","LAL",0.409090909090909,0.391304347826087,0.5,0.4,0.681818181818182,"Win"
"328","2018-01-15","CLE","GS",0.75,0.727272727272727,0.2,0.8,0.25,"Loss"
"329","2018-01-15","UTA","IND",0.619047619047619,0.583333333333333,0.2,0.5,0.416666666666667,"Loss"
"330","2018-01-15","LAC","HOU",0.590909090909091,0.714285714285714,0.8,0.5,0.590909090909091,"Win"
"331","2018-01-15","DET","CHA",0.684210526315789,0.478260869565217,0.4,0.6,0.476190476190476,"Loss"
"332","2018-01-16","ORL","MIN",0.4,0.75,0.2,0.7,0.583333333333333,"Win"
"333","2018-01-16","BOS","NO",0.75,0.55,0.8,0.6,0.416666666666667,"Loss"
"334","2018-01-16","DEN","DAL",0.761904761904762,0.375,0.4,0.5,0.545454545454545,"Win"
"335","2018-01-16","POR","PHO",0.523809523809524,0.333333333333333,0.5,0.4,0.590909090909091,"Win"
"336","2018-01-17","CHA","WAS",0.5,0.625,0.6,0.6,0.583333333333333,"Win"
"337","2018-01-17","ATL","NO",0.428571428571429,0.55,0.4,0.5,0.5,"Win"
"338","2018-01-17","BKN","SA",0.375,0.904761904761905,0.3,0.5,0.166666666666667,"Loss"
"339","2018-01-17","TOR","DET",0.842105263157895,0.684210526315789,0.7,0.3,0.727272727272727,"Win"
"340","2018-01-17","CHI","GS",0.478260869565217,0.727272727272727,0.4,0.9,0.416666666666667,"Loss"
"341","2018-01-17","MEM","NY",0.434782608695652,0.625,0.5,0.3,0.75,"Win"
"342","2018-01-17","MIL","MIA",0.608695652173913,0.571428571428571,0.4,0.8,0.380952380952381,"Loss"
"343","2018-01-17","OKC","LAL",0.695652173913043,0.391304347826087,0.5,0.4,0.772727272727273,"Win"
"344","2018-01-17","SAC","UTA",0.333333333333333,0.619047619047619,0.1,0.3,0.333333333333333,"Loss"
"345","2018-01-17","LAC","DEN",0.608695652173913,0.761904761904762,0.8,0.4,0.523809523809524,"Win"
"346","2018-01-18","BOS","PHI",0.72,0.5,0.7,0.7,0.708333333333333,"Loss"
"347","2018-01-18","CLE","ORL",0.761904761904762,0.4,0.3,0.2,0.863636363636364,"Win"
"348","2018-01-18","HOU","MIN",0.727272727272727,0.75,0.6,0.6,0.863636363636364,"Win"
"349","2018-01-18","POR","IND",0.545454545454545,0.583333333333333,0.6,0.5,0.75,"Win"
"350","2018-01-19","TOR","SA",0.85,0.904761904761905,0.7,0.5,0.25,"Win"
"351","2018-01-19","BKN","MIA",0.4,0.571428571428571,0.4,0.8,0.363636363636364,"Win"
"352","2018-01-19","DET","WAS",0.65,0.625,0.3,0.6,0.454545454545455,"Loss"
"353","2018-01-19","MEM","SAC",0.458333333333333,0.333333333333333,0.6,0.1,0.80952380952381,"Win"
"354","2018-01-19","DEN","PHO",0.727272727272727,0.333333333333333,0.4,0.4,0.523809523809524,"Loss"
"355","2018-01-19","LAL","IND",0.416666666666667,0.583333333333333,0.5,0.5,0.333333333333333,"Win"
"356","2018-01-19","UTA","NY",0.590909090909091,0.625,0.3,0.3,0.416666666666667,"Loss"
"357","2018-01-20","CLE","OKC",0.727272727272727,0.695652173913043,0.3,0.6,0.583333333333333,"Loss"
"358","2018-01-20","ATL","CHI",0.409090909090909,0.478260869565217,0.4,0.5,0.476190476190476,"Loss"
"359","2018-01-20","CHA","MIA",0.48,0.571428571428571,0.6,0.8,0.25,"Loss"
"360","2018-01-20","NO","MEM",0.571428571428571,0.458333333333333,0.6,0.5,0.458333333333333,"Win"
"361","2018-01-20","PHI","MIL",0.523809523809524,0.608695652173913,0.8,0.4,0.272727272727273,"Win"
"362","2018-01-20","HOU","GS",0.739130434782609,0.727272727272727,0.7,0.8,0.380952380952381,"Win"
"363","2018-01-20","MIN","TOR",0.76,0.85,0.6,0.6,0.25,"Win"
"364","2018-01-20","UTA","LAC",0.608695652173913,0.608695652173913,0.4,0.7,0.227272727272727,"Win"
"365","2018-01-20","POR","DAL",0.565217391304348,0.375,0.6,0.4,0.428571428571429,"Win"
"366","2018-01-21","BOS","ORL",0.692307692307692,0.4,0.7,0.2,0.727272727272727,"Loss"
"367","2018-01-21","LAL","NY",0.44,0.625,0.6,0.3,0.333333333333333,"Win"
"368","2018-01-21","DET","BKN",0.619047619047619,0.4,0.2,0.4,0.5,"Loss"
"369","2018-01-21","SA","IND",0.863636363636364,0.583333333333333,0.4,0.6,0.666666666666667,"Loss"
"370","2018-01-22","CHA","SAC",0.5,0.333333333333333,0.6,0.1,0.583333333333333,"Win"
"371","2018-01-22","ATL","UTA",0.434782608695652,0.608695652173913,0.4,0.3,0.75,"Win"
"372","2018-01-22","HOU","MIA",0.75,0.571428571428571,0.7,0.7,0.5,"Win"
"373","2018-01-22","MEM","PHI",0.48,0.523809523809524,0.6,0.7,0.833333333333333,"Win"
"374","2018-01-22","MIL","PHO",0.625,0.333333333333333,0.4,0.3,0.75,"Win"
"375","2018-01-22","NO","CHI",0.590909090909091,0.478260869565217,0.7,0.5,0.416666666666667,"Win"
"376","2018-01-22","DAL","WAS",0.4,0.625,0.4,0.5,0.916666666666667,"Win"
"377","2018-01-22","DEN","POR",0.739130434782609,0.565217391304348,0.4,0.6,0.333333333333333,"Win"
"378","2018-01-22","LAC","MIN",0.583333333333333,0.76,0.6,0.7,0.681818181818182,"Loss"
"379","2018-01-23","ORL","SAC",0.380952380952381,0.333333333333333,0.2,0.2,0.333333333333333,"Loss"
"380","2018-01-23","OKC","BKN",0.708333333333333,0.4,0.7,0.3,0.5,"Win"
"381","2018-01-23","SA","CLE",0.869565217391304,0.727272727272727,0.5,0.3,0.833333333333333,"Win"
"382","2018-01-23","GS","NY",0.739130434782609,0.625,0.8,0.3,0.833333333333333,"Win"
"383","2018-01-23","LAL","BOS",0.461538461538462,0.692307692307692,0.7,0.6,0.5,"Win"
"384","2018-01-24","CHA","NO",0.481481481481481,0.590909090909091,0.6,0.7,0.25,"Loss"
"385","2018-01-24","DET","UTA",0.590909090909091,0.608695652173913,0.2,0.4,0.25,"Loss"
"386","2018-01-24","IND","PHO",0.6,0.333333333333333,0.7,0.3,0.583333333333333,"Win"
"387","2018-01-24","PHI","CHI",0.545454545454545,0.478260869565217,0.8,0.5,0.19047619047619,"Win"
"388","2018-01-24","ATL","TOR",0.416666666666667,0.85,0.4,0.6,0.363636363636364,"Loss"
"389","2018-01-24","DAL","HOU",0.384615384615385,0.75,0.3,0.7,0.333333333333333,"Loss"
"390","2018-01-24","MEM","SA",0.461538461538462,0.869565217391304,0.5,0.5,0.25,"Loss"
"391","2018-01-24","POR","MIN",0.583333333333333,0.76,0.6,0.7,0.708333333333333,"Win"
"392","2018-01-24","LAC","BOS",0.56,0.692307692307692,0.6,0.6,0.666666666666667,"Loss"
"393","2018-01-25","MIA","SAC",0.545454545454545,0.333333333333333,0.6,0.2,0.75,"Loss"
"394","2018-01-25","OKC","WAS",0.72,0.625,0.7,0.4,0.666666666666667,"Win"
"395","2018-01-25","DEN","NY",0.75,0.625,0.4,0.3,0.666666666666667,"Win"
"396","2018-01-25","GS","MIN",0.75,0.76,0.8,0.6,0.80952380952381,"Win"
"397","2018-01-26","CHA","ATL",0.5,0.416666666666667,0.6,0.4,0.458333333333333,"Win"
"398","2018-01-26","CLE","IND",0.739130434782609,0.6,0.3,0.6,0.416666666666667,"Win"
"399","2018-01-26","TOR","UTA",0.80952380952381,0.608695652173913,0.5,0.5,0.666666666666667,"Loss"
"400","2018-01-26","CHI","LAL",0.458333333333333,0.461538461538462,0.4,0.8,0.583333333333333,"Loss"
"401","2018-01-26","MEM","LAC",0.444444444444444,0.56,0.5,0.7,0.409090909090909,"Loss"
"402","2018-01-26","MIL","BKN",0.64,0.4,0.5,0.3,0.666666666666667,"Win"
"403","2018-01-26","NO","HOU",0.608695652173913,0.75,0.8,0.7,0.291666666666667,"Win"
"404","2018-01-26","DAL","POR",0.37037037037037,0.583333333333333,0.3,0.6,0.571428571428571,"Loss"
"405","2018-01-26","SA","PHI",0.833333333333333,0.545454545454545,0.5,0.8,0.833333333333333,"Loss"
"406","2018-01-26","PHO","NY",0.32,0.625,0.2,0.3,0.416666666666667,"Loss"
"407","2018-01-27","DET","OKC",0.565217391304348,0.72,0.2,0.7,0.333333333333333,"Loss"
"408","2018-01-27","IND","ORL",0.615384615384615,0.380952380952381,0.6,0.2,0.857142857142857,"Win"
"409","2018-01-27","ATL","WAS",0.4,0.625,0.4,0.4,0.5,"Loss"
"410","2018-01-27","MIA","CHA",0.565217391304348,0.5,0.6,0.5,0.75,"Win"
"411","2018-01-27","GS","BOS",0.76,0.692307692307692,0.8,0.5,0.666666666666667,"Win"
"412","2018-01-27","DEN","DAL",0.76,0.37037037037037,0.5,0.3,0.545454545454545,"Win"
"413","2018-01-27","MIN","BKN",0.769230769230769,0.4,0.6,0.3,0.583333333333333,"Win"
"414","2018-01-28","CHI","MIL",0.44,0.64,0.4,0.5,0.583333333333333,"Loss"
"415","2018-01-28","HOU","PHO",0.76,0.32,0.8,0.2,0.772727272727273,"Win"
"416","2018-01-28","NO","LAC",0.583333333333333,0.56,0.7,0.7,0.363636363636364,"Loss"
"417","2018-01-28","CLE","DET",0.75,0.565217391304348,0.4,0.1,0.5,"Win"
"418","2018-01-28","OKC","PHI",0.730769230769231,0.545454545454545,0.8,0.7,1,"Win"
"419","2018-01-28","TOR","LAL",0.818181818181818,0.461538461538462,0.5,0.7,0.75,"Win"
"420","2018-01-28","SA","SAC",0.84,0.333333333333333,0.5,0.2,0.954545454545455,"Win"
"421","2018-01-29","IND","CHA",0.62962962962963,0.5,0.7,0.5,0.545454545454545,"Win"
"422","2018-01-29","ATL","MIN",0.423076923076923,0.769230769230769,0.5,0.5,0.416666666666667,"Win"
"423","2018-01-29","MEM","PHO",0.464285714285714,0.32,0.6,0.2,0.681818181818182,"Win"
"424","2018-01-29","MIL","PHI",0.653846153846154,0.545454545454545,0.6,0.6,0.727272727272727,"Win"
"425","2018-01-29","DAL","MIA",0.357142857142857,0.565217391304348,0.3,0.6,0.166666666666667,"Loss"
"426","2018-01-29","DEN","BOS",0.730769230769231,0.692307692307692,0.5,0.5,0.333333333333333,"Loss"
"427","2018-01-30","WAS","OKC",0.64,0.730769230769231,0.5,0.8,0.333333333333333,"Win"
"428","2018-01-30","NY","BKN",0.64,0.4,0.4,0.3,0.541666666666667,"Win"
"429","2018-01-30","TOR","MIN",0.826086956521739,0.769230769230769,0.6,0.4,0.75,"Win"
"430","2018-01-30","DET","CLE",0.583333333333333,0.75,0.2,0.3,0.5,"Win"
"431","2018-01-30","HOU","ORL",0.769230769230769,0.380952380952381,0.8,0.2,0.833333333333333,"Win"
"432","2018-01-30","NO","SAC",0.56,0.333333333333333,0.7,0.3,0.590909090909091,"Loss"
"433","2018-01-30","SA","DEN",0.846153846153846,0.730769230769231,0.6,0.5,0.772727272727273,"Win"
"434","2018-01-30","UTA","GS",0.625,0.76,0.6,0.7,0.318181818181818,"Win"
"435","2018-01-30","LAC","POR",0.538461538461538,0.583333333333333,0.6,0.6,0.636363636363636,"Loss"
"436","2018-01-31","IND","MEM",0.642857142857143,0.464285714285714,0.7,0.5,0.5,"Win"
"437","2018-01-31","ORL","LAL",0.409090909090909,0.461538461538462,0.3,0.6,0.5,"Win"
"438","2018-01-31","ATL","CHA",0.407407407407407,0.5,0.4,0.5,0.541666666666667,"Loss"
"439","2018-01-31","BKN","PHI",0.423076923076923,0.545454545454545,0.3,0.5,0.541666666666667,"Win"
"440","2018-01-31","CLE","MIA",0.76,0.565217391304348,0.4,0.5,0.285714285714286,"Win"
"441","2018-01-31","BOS","NY",0.703703703703704,0.64,0.5,0.4,0.625,"Win"
"442","2018-01-31","POR","CHI",0.6,0.44,0.7,0.4,0.75,"Win"
"443","2018-01-31","PHO","DAL",0.346153846153846,0.357142857142857,0.2,0.2,0.523809523809524,"Win"
"444","2018-02-01","DET","MEM",0.6,0.464285714285714,0.2,0.5,0.25,"Win"
"445","2018-02-01","WAS","TOR",0.653846153846154,0.826086956521739,0.6,0.5,0.272727272727273,"Win"
"446","2018-02-01","MIN","MIL",0.777777777777778,0.653846153846154,0.4,0.5,0.5,"Win"
"447","2018-02-01","SA","HOU",0.814814814814815,0.769230769230769,0.5,0.8,0.541666666666667,"Loss"
"448","2018-02-01","DEN","OKC",0.740740740740741,0.730769230769231,0.5,0.8,0.375,"Win"
"449","2018-02-02","CHA","IND",0.517241379310345,0.642857142857143,0.6,0.6,0.454545454545455,"Win"
"450","2018-02-02","BOS","ATL",0.714285714285714,0.407407407407407,0.5,0.4,0.5,"Win"
"451","2018-02-02","BKN","LAL",0.407407407407407,0.461538461538462,0.3,0.6,0.333333333333333,"Loss"
"452","2018-02-02","TOR","POR",0.833333333333333,0.6,0.6,0.7,0.583333333333333,"Win"
"453","2018-02-02","MIL","NY",0.666666666666667,0.64,0.6,0.4,0.590909090909091,"Win"
"454","2018-02-02","PHI","MIA",0.565217391304348,0.565217391304348,0.6,0.4,0.318181818181818,"Win"
"455","2018-02-02","OKC","NO",0.703703703703704,0.56,0.7,0.7,0.666666666666667,"Loss"
"456","2018-02-02","PHO","UTA",0.333333333333333,0.625,0.2,0.6,0.272727272727273,"Loss"
"457","2018-02-02","SAC","GS",0.318181818181818,0.76,0.3,0.8,0.25,"Loss"
"458","2018-02-03","LAC","CHI",0.555555555555556,0.44,0.6,0.3,0.833333333333333,"Win"
"459","2018-02-03","DET","MIA",0.615384615384615,0.565217391304348,0.3,0.4,0.454545454545455,"Win"
"460","2018-02-03","IND","PHI",0.655172413793103,0.565217391304348,0.6,0.5,0.761904761904762,"Win"
"461","2018-02-03","ORL","WAS",0.391304347826087,0.653846153846154,0.3,0.6,0.208333333333333,"Loss"
"462","2018-02-03","CLE","HOU",0.730769230769231,0.769230769230769,0.4,0.8,0.166666666666667,"Loss"
"463","2018-02-03","DEN","GS",0.75,0.76,0.6,0.7,0.454545454545455,"Win"
"464","2018-02-03","MIN","NO",0.785714285714286,0.56,0.5,0.6,0.5,"Win"
"465","2018-02-03","SA","UTA",0.785714285714286,0.625,0.5,0.7,0.636363636363636,"Loss"
"466","2018-02-03","SAC","DAL",0.304347826086957,0.357142857142857,0.3,0.2,0.363636363636364,"Loss"
"467","2018-02-04","OKC","LAL",0.678571428571429,0.461538461538462,0.6,0.6,0.772727272727273,"Loss"
"468","2018-02-04","PHO","CHA",0.321428571428571,0.517241379310345,0.2,0.6,0.583333333333333,"Loss"
"469","2018-02-04","BOS","POR",0.724137931034483,0.6,0.5,0.7,0.5,"Win"
"470","2018-02-04","BKN","MIL",0.392857142857143,0.666666666666667,0.3,0.7,0.333333333333333,"Loss"
"471","2018-02-04","NY","ATL",0.615384615384615,0.407407407407407,0.3,0.4,0.476190476190476,"Loss"
"472","2018-02-04","TOR","MEM",0.84,0.464285714285714,0.7,0.4,0.666666666666667,"Win"
"473","2018-02-05","DET","POR",0.62962962962963,0.6,0.4,0.6,0.5,"Win"
"474","2018-02-05","IND","WAS",0.633333333333333,0.653846153846154,0.6,0.6,0.523809523809524,"Loss"
"475","2018-02-05","MIA","ORL",0.541666666666667,0.391304347826087,0.3,0.4,0.708333333333333,"Loss"
"476","2018-02-05","NO","UTA",0.538461538461538,0.625,0.5,0.8,0.363636363636364,"Loss"
"477","2018-02-05","DEN","CHA",0.758620689655172,0.517241379310345,0.6,0.5,0.416666666666667,"Win"
"478","2018-02-05","SAC","CHI",0.333333333333333,0.44,0.4,0.2,0.416666666666667,"Win"
"479","2018-02-05","LAC","DAL",0.571428571428571,0.357142857142857,0.6,0.2,0.666666666666667,"Win"
"480","2018-02-06","ORL","CLE",0.416666666666667,0.730769230769231,0.5,0.4,0.136363636363636,"Win"
"481","2018-02-06","ATL","MEM",0.428571428571429,0.464285714285714,0.4,0.3,0.583333333333333,"Win"
"482","2018-02-06","BKN","HOU",0.379310344827586,0.769230769230769,0.3,0.9,0.25,"Loss"
"483","2018-02-06","NY","MIL",0.592592592592593,0.666666666666667,0.3,0.7,0.409090909090909,"Loss"
"484","2018-02-06","TOR","BOS",0.846153846153846,0.724137931034483,0.7,0.5,0.583333333333333,"Win"
"485","2018-02-06","PHI","WAS",0.583333333333333,0.653846153846154,0.5,0.6,0.363636363636364,"Win"
"486","2018-02-06","GS","OKC",0.730769230769231,0.678571428571429,0.6,0.6,0.636363636363636,"Loss"
"487","2018-02-06","LAL","PHO",0.481481481481481,0.321428571428571,0.7,0.2,0.375,"Win"
"488","2018-02-07","DET","BKN",0.642857142857143,0.379310344827586,0.5,0.2,0.5,"Win"
"489","2018-02-07","MIA","HOU",0.52,0.769230769230769,0.3,0.9,0.5,"Loss"
"490","2018-02-07","CLE","MIN",0.740740740740741,0.785714285714286,0.5,0.5,0.666666666666667,"Win"
"491","2018-02-07","MEM","UTA",0.448275862068966,0.625,0.2,0.8,0.571428571428571,"Loss"
"492","2018-02-07","PHO","SA",0.310344827586207,0.785714285714286,0.1,0.5,0.181818181818182,"Loss"
"493","2018-02-08","ORL","ATL",0.44,0.428571428571429,0.5,0.4,0.375,"Win"
"494","2018-02-08","TOR","NY",0.851851851851852,0.592592592592593,0.7,0.2,0.708333333333333,"Win"
"495","2018-02-08","WAS","BOS",0.62962962962963,0.724137931034483,0.6,0.6,0.454545454545455,"Loss"
"496","2018-02-08","POR","CHA",0.615384615384615,0.517241379310345,0.6,0.5,0.75,"Win"
"497","2018-02-08","GS","DAL",0.740740740740741,0.357142857142857,0.6,0.2,0.863636363636364,"Win"
"498","2018-02-08","LAL","OKC",0.5,0.678571428571429,0.8,0.5,0.227272727272727,"Win"
"499","2018-02-09","DET","LAC",0.620689655172414,0.571428571428571,0.5,0.6,0.166666666666667,"Loss"
"500","2018-02-09","PHI","NO",0.6,0.538461538461538,0.5,0.5,0.416666666666667,"Win"
"501","2018-02-09","ATL","CLE",0.413793103448276,0.740740740740741,0.3,0.5,0.545454545454545,"Loss"
"502","2018-02-09","BOS","IND",0.7,0.633333333333333,0.6,0.7,0.523809523809524,"Loss"
"503","2018-02-09","CHI","MIN",0.461538461538462,0.785714285714286,0.2,0.4,0.5,"Win"
"504","2018-02-09","HOU","DEN",0.777777777777778,0.758620689655172,0.9,0.6,0.619047619047619,"Win"
"505","2018-02-09","MIA","MIL",0.538461538461538,0.666666666666667,0.3,0.7,0.619047619047619,"Win"
"506","2018-02-09","UTA","CHA",0.64,0.517241379310345,0.9,0.4,0.666666666666667,"Win"
"507","2018-02-09","SAC","POR",0.32,0.615384615384615,0.4,0.6,0.272727272727273,"Loss"
"508","2018-02-10","BKN","NO",0.366666666666667,0.538461538461538,0.1,0.5,0.333333333333333,"Loss"
"509","2018-02-10","ORL","MIL",0.423076923076923,0.666666666666667,0.5,0.8,0.409090909090909,"Loss"
"510","2018-02-10","PHI","LAC",0.615384615384615,0.571428571428571,0.6,0.5,0.25,"Win"
"511","2018-02-10","CHI","WAS",0.444444444444444,0.62962962962963,0.2,0.6,0.380952380952381,"Loss"
"512","2018-02-10","DAL","LAL",0.379310344827586,0.5,0.3,0.7,0.727272727272727,"Win"
"513","2018-02-10","GS","SA",0.75,0.785714285714286,0.6,0.5,0.454545454545455,"Win"
"514","2018-02-10","PHO","DEN",0.3,0.758620689655172,0.1,0.7,0.476190476190476,"Loss"
"515","2018-02-11","CHA","TOR",0.5,0.851851851851852,0.4,0.8,0.454545454545455,"Loss"
"516","2018-02-11","ATL","DET",0.433333333333333,0.620689655172414,0.4,0.5,0.545454545454545,"Win"
"517","2018-02-11","BOS","CLE",0.67741935483871,0.740740740740741,0.6,0.6,0.476190476190476,"Loss"
"518","2018-02-11","IND","NY",0.645161290322581,0.592592592592593,0.7,0.2,0.666666666666667,"Win"
"519","2018-02-11","HOU","DAL",0.785714285714286,0.379310344827586,0.9,0.2,0.666666666666667,"Win"
"520","2018-02-11","MIN","SAC",0.793103448275862,0.32,0.4,0.4,0.571428571428571,"Win"
"521","2018-02-11","OKC","MEM",0.689655172413793,0.448275862068966,0.5,0.2,0.636363636363636,"Win"
"522","2018-02-11","POR","UTA",0.592592592592593,0.64,0.6,0.9,0.583333333333333,"Loss"
"523","2018-02-12","DET","NO",0.6,0.538461538461538,0.5,0.5,0.0833333333333333,"Loss"
"524","2018-02-12","PHI","NY",0.62962962962963,0.592592592592593,0.6,0.2,0.375,"Win"
"525","2018-02-12","BKN","LAC",0.354838709677419,0.571428571428571,0.1,0.6,0.333333333333333,"Loss"
"526","2018-02-12","CHI","ORL",0.464285714285714,0.423076923076923,0.2,0.4,0.727272727272727,"Win"
"527","2018-02-12","UTA","SA",0.653846153846154,0.785714285714286,1,0.5,0.363636363636364,"Win"
"528","2018-02-12","GS","PHO",0.758620689655172,0.3,0.7,0.1,0.875,"Win"
"529","2018-02-13","TOR","MIA",0.857142857142857,0.538461538461538,0.8,0.3,0.428571428571429,"Win"
"530","2018-02-13","MIL","ATL",0.678571428571429,0.433333333333333,0.8,0.4,0.333333333333333,"Win"
"531","2018-02-13","MIN","HOU",0.766666666666667,0.785714285714286,0.4,0.9,0.136363636363636,"Loss"
"532","2018-02-13","OKC","CLE",0.666666666666667,0.740740740740741,0.4,0.7,0.416666666666667,"Loss"
"533","2018-02-13","DAL","SAC",0.366666666666667,0.32,0.2,0.5,0.636363636363636,"Loss"
"534","2018-02-13","DEN","SA",0.766666666666667,0.785714285714286,0.7,0.4,0.227272727272727,"Win"
"535","2018-02-14","DET","ATL",0.612903225806452,0.433333333333333,0.6,0.4,0.454545454545455,"Win"
"536","2018-02-14","ORL","CHA",0.407407407407407,0.5,0.4,0.4,0.25,"Loss"
"537","2018-02-14","PHI","MIA",0.642857142857143,0.538461538461538,0.6,0.3,0.318181818181818,"Win"
"538","2018-02-14","BKN","IND",0.34375,0.645161290322581,0.1,0.7,0.318181818181818,"Loss"
"539","2018-02-14","NY","WAS",0.571428571428571,0.62962962962963,0.2,0.7,0.238095238095238,"Loss"
"540","2018-02-14","BOS","LAC",0.65625,0.571428571428571,0.5,0.7,0.333333333333333,"Loss"
"541","2018-02-14","CHI","TOR",0.448275862068966,0.857142857142857,0.2,0.9,0.590909090909091,"Loss"
"542","2018-02-14","HOU","SAC",0.793103448275862,0.32,1,0.4,0.761904761904762,"Win"
"543","2018-02-14","MEM","OKC",0.433333333333333,0.666666666666667,0.1,0.4,0.363636363636364,"Loss"
"544","2018-02-14","NO","LAL",0.555555555555556,0.5,0.5,0.6,0.571428571428571,"Win"
"545","2018-02-14","UTA","PHO",0.666666666666667,0.3,1,0.1,0.727272727272727,"Win"
"546","2018-02-14","POR","GS",0.607142857142857,0.758620689655172,0.6,0.6,0.238095238095238,"Win"
"547","2018-02-15","MIL","DEN",0.655172413793103,0.766666666666667,0.7,0.7,0.166666666666667,"Loss"
"548","2018-02-15","MIN","LAL",0.774193548387097,0.5,0.5,0.5,0.545454545454545,"Win"
"549","2018-02-22","CHA","BKN",0.516129032258065,0.34375,0.5,0.1,0.571428571428571,"Win"
"550","2018-02-22","ORL","NY",0.392857142857143,0.571428571428571,0.4,0.2,0.409090909090909,"Loss"
"551","2018-02-22","CHI","PHI",0.433333333333333,0.642857142857143,0.2,0.7,0.80952380952381,"Loss"
"552","2018-02-22","CLE","WAS",0.714285714285714,0.62962962962963,0.6,0.8,0.681818181818182,"Loss"
"553","2018-02-22","SAC","OKC",0.307692307692308,0.666666666666667,0.3,0.4,0.227272727272727,"Loss"
"554","2018-02-22","GS","LAC",0.766666666666667,0.571428571428571,0.6,0.7,0.791666666666667,"Win"
"555","2018-02-23","DET","BOS",0.59375,0.65625,0.6,0.6,0.476190476190476,"Loss"
"556","2018-02-23","IND","ATL",0.65625,0.433333333333333,0.8,0.3,0.5,"Win"
"557","2018-02-23","WAS","CHA",0.607142857142857,0.516129032258065,0.7,0.6,0.416666666666667,"Loss"
"558","2018-02-23","TOR","MIL",0.827586206896552,0.655172413793103,0.8,0.7,0.714285714285714,"Loss"
"559","2018-02-23","HOU","MIN",0.8,0.774193548387097,1,0.4,0.863636363636364,"Win"
"560","2018-02-23","MEM","CLE",0.419354838709677,0.714285714285714,0.1,0.6,0.416666666666667,"Loss"
"561","2018-02-23","NO","MIA",0.571428571428571,0.538461538461538,0.5,0.2,0.5,"Win"
"562","2018-02-23","DEN","SA",0.774193548387097,0.785714285714286,0.7,0.3,0.227272727272727,"Win"
"563","2018-02-23","PHO","LAC",0.290322580645161,0.571428571428571,0.1,0.7,0.166666666666667,"Loss"
"564","2018-02-23","UTA","POR",0.642857142857143,0.607142857142857,0.9,0.6,0.416666666666667,"Loss"
"565","2018-02-23","LAL","DAL",0.517241379310345,0.366666666666667,0.5,0.2,0.272727272727273,"Win"
"566","2018-02-24","PHI","ORL",0.655172413793103,0.392857142857143,0.8,0.4,0.380952380952381,"Win"
"567","2018-02-24","MIA","MEM",0.555555555555556,0.419354838709677,0.2,0.1,0.5,"Win"
"568","2018-02-24","NY","BOS",0.551724137931034,0.65625,0.1,0.6,0.375,"Loss"
"569","2018-02-24","GS","OKC",0.774193548387097,0.666666666666667,0.6,0.4,0.636363636363636,"Win"
"570","2018-02-24","MIN","CHI",0.78125,0.433333333333333,0.5,0.2,0.5,"Win"
"571","2018-02-24","PHO","POR",0.28125,0.607142857142857,0.1,0.6,0.409090909090909,"Loss"
"572","2018-02-24","UTA","DAL",0.655172413793103,0.366666666666667,0.9,0.2,0.476190476190476,"Win"
"573","2018-02-24","SAC","LAL",0.296296296296296,0.517241379310345,0.3,0.6,0.541666666666667,"Loss"
"574","2018-02-25","CHA","DET",0.53125,0.59375,0.6,0.5,0.523809523809524,"Win"
"575","2018-02-25","MIL","NO",0.633333333333333,0.571428571428571,0.6,0.6,0.25,"Loss"
"576","2018-02-25","CLE","SA",0.689655172413793,0.785714285714286,0.6,0.4,0.166666666666667,"Loss"
"577","2018-02-25","DEN","HOU",0.75,0.8,0.7,1,0.380952380952381,"Loss"
"578","2018-02-25","WAS","PHI",0.620689655172414,0.655172413793103,0.7,0.8,0.636363636363636,"Win"
"579","2018-02-26","ATL","LAL",0.419354838709677,0.517241379310345,0.3,0.7,0.416666666666667,"Loss"
"580","2018-02-26","BOS","MEM",0.666666666666667,0.419354838709677,0.6,0,0.5,"Win"
"581","2018-02-26","BKN","CHI",0.363636363636364,0.433333333333333,0.2,0.2,0.380952380952381,"Win"
"582","2018-02-26","NY","GS",0.533333333333333,0.774193548387097,0.1,0.7,0.166666666666667,"Loss"
"583","2018-02-26","TOR","DET",0.833333333333333,0.59375,0.8,0.4,0.727272727272727,"Win"
"584","2018-02-26","NO","PHO",0.586206896551724,0.28125,0.7,0,0.571428571428571,"Win"
"585","2018-02-26","OKC","ORL",0.67741935483871,0.392857142857143,0.5,0.3,0.75,"Win"
"586","2018-02-26","DAL","IND",0.387096774193548,0.65625,0.3,0.7,0.416666666666667,"Win"
"587","2018-02-26","UTA","HOU",0.633333333333333,0.8,0.8,1,0.318181818181818,"Loss"
"588","2018-02-26","SAC","MIN",0.285714285714286,0.78125,0.2,0.6,0.428571428571429,"Loss"
"589","2018-02-27","CHA","CHI",0.545454545454545,0.433333333333333,0.6,0.2,0.409090909090909,"Win"
"590","2018-02-27","CLE","BKN",0.7,0.363636363636364,0.6,0.1,0.636363636363636,"Win"
"591","2018-02-27","MIA","PHI",0.571428571428571,0.655172413793103,0.3,0.7,0.681818181818182,"Win"
"592","2018-02-27","MIL","WAS",0.612903225806452,0.620689655172414,0.6,0.7,0.318181818181818,"Loss"
"593","2018-02-27","POR","SAC",0.620689655172414,0.285714285714286,0.6,0.2,0.727272727272727,"Win"
"594","2018-02-27","DEN","LAC",0.727272727272727,0.571428571428571,0.7,0.7,0.476190476190476,"Loss"
"595","2018-02-28","DET","MIL",0.606060606060606,0.612903225806452,0.4,0.5,0.541666666666667,"Win"
"596","2018-02-28","ORL","TOR",0.379310344827586,0.833333333333333,0.3,0.9,0.142857142857143,"Loss"
"597","2018-02-28","ATL","IND",0.4375,0.65625,0.4,0.6,0.5,"Win"
"598","2018-02-28","BOS","CHA",0.676470588235294,0.545454545454545,0.6,0.5,0.714285714285714,"Win"
"599","2018-02-28","MEM","PHO",0.40625,0.28125,0,0.1,0.681818181818182,"Loss"
"600","2018-02-28","WAS","GS",0.6,0.774193548387097,0.6,0.7,0.166666666666667,"Loss"
"601","2018-02-28","DAL","OKC",0.375,0.67741935483871,0.3,0.6,0.363636363636364,"Loss"
"602","2018-02-28","SA","NO",0.758620689655172,0.586206896551724,0.3,0.7,0.625,"Loss"
"603","2018-02-28","LAC","HOU",0.551724137931034,0.8,0.7,1,0.590909090909091,"Loss"
"604","2018-03-01","MIA","LAL",0.551724137931034,0.517241379310345,0.3,0.7,0.75,"Loss"
"605","2018-03-01","CLE","PHI",0.67741935483871,0.655172413793103,0.6,0.8,0.681818181818182,"Loss"
"606","2018-03-01","SAC","BKN",0.310344827586207,0.363636363636364,0.3,0.1,0.416666666666667,"Win"
"607","2018-03-01","POR","MIN",0.633333333333333,0.78125,0.7,0.5,0.708333333333333,"Win"
"608","2018-03-02","ORL","DET",0.4,0.606060606060606,0.3,0.3,0.476190476190476,"Win"
"609","2018-03-02","PHI","CHA",0.666666666666667,0.545454545454545,0.8,0.5,0.5,"Win"
"610","2018-03-02","ATL","GS",0.424242424242424,0.774193548387097,0.3,0.8,0.0833333333333333,"Loss"
"611","2018-03-02","CHI","DAL",0.451612903225806,0.375,0.3,0.2,0.416666666666667,"Win"
"612","2018-03-02","MEM","DEN",0.393939393939394,0.727272727272727,0,0.7,0.590909090909091,"Loss"
"613","2018-03-02","MIL","IND",0.59375,0.65625,0.4,0.6,0.375,"Loss"
"614","2018-03-02","WAS","TOR",0.580645161290323,0.833333333333333,0.5,0.9,0.272727272727273,"Loss"
"615","2018-03-02","PHO","OKC",0.272727272727273,0.67741935483871,0.1,0.7,0.285714285714286,"Loss"
"616","2018-03-02","LAC","NY",0.566666666666667,0.533333333333333,0.7,0.1,0.916666666666667,"Win"
"617","2018-03-02","UTA","MIN",0.645161290322581,0.78125,0.8,0.4,0.666666666666667,"Win"
"618","2018-03-03","ORL","MEM",0.419354838709677,0.393939393939394,0.3,0,0.333333333333333,"Win"
"619","2018-03-03","CLE","DEN",0.65625,0.727272727272727,0.6,0.7,0.583333333333333,"Loss"
"620","2018-03-03","MIA","DET",0.566666666666667,0.606060606060606,0.4,0.2,0.545454545454545,"Win"
"621","2018-03-03","HOU","BOS",0.806451612903226,0.676470588235294,1,0.5,0.666666666666667,"Win"
"622","2018-03-03","SA","LAL",0.733333333333333,0.517241379310345,0.2,0.7,0.666666666666667,"Loss"
"623","2018-03-03","POR","OKC",0.645161290322581,0.67741935483871,0.8,0.6,0.583333333333333,"Win"
"624","2018-03-03","SAC","UTA",0.3,0.645161290322581,0.2,0.8,0.333333333333333,"Loss"
"625","2018-03-04","ATL","PHO",0.441176470588235,0.272727272727273,0.3,0.1,0.5,"Win"
"626","2018-03-04","TOR","CHA",0.838709677419355,0.545454545454545,0.9,0.5,0.545454545454545,"Win"
"627","2018-03-04","WAS","IND",0.5625,0.65625,0.5,0.7,0.476190476190476,"Loss"
"628","2018-03-04","DAL","NO",0.363636363636364,0.586206896551724,0.2,0.8,0.625,"Loss"
"629","2018-03-04","MIL","PHI",0.606060606060606,0.666666666666667,0.4,0.7,0.727272727272727,"Win"
"630","2018-03-04","LAC","BKN",0.580645161290323,0.363636363636364,0.7,0.1,0.666666666666667,"Win"
"631","2018-03-04","SAC","NY",0.32258064516129,0.533333333333333,0.3,0.1,0.583333333333333,"Win"
"632","2018-03-05","CLE","DET",0.666666666666667,0.606060606060606,0.6,0.2,0.5,"Win"
"633","2018-03-05","IND","MIL",0.666666666666667,0.606060606060606,0.7,0.4,0.625,"Win"
"634","2018-03-05","MIA","PHO",0.580645161290323,0.272727272727273,0.5,0.1,0.916666666666667,"Win"
"635","2018-03-05","CHI","BOS",0.4375,0.676470588235294,0.3,0.6,0.545454545454545,"Loss"
"636","2018-03-05","SA","MEM",0.741935483870968,0.393939393939394,0.3,0,0.75,"Win"
"637","2018-03-05","UTA","ORL",0.65625,0.419354838709677,0.8,0.2,0.75,"Win"
"638","2018-03-05","LAL","POR",0.5,0.645161290322581,0.6,0.9,0.19047619047619,"Loss"
"639","2018-03-06","CHA","PHI",0.529411764705882,0.666666666666667,0.5,0.7,0.5,"Loss"
"640","2018-03-06","TOR","ATL",0.84375,0.441176470588235,0.9,0.3,0.636363636363636,"Win"
"641","2018-03-06","WAS","MIA",0.575757575757576,0.580645161290323,0.6,0.5,0.416666666666667,"Win"
"642","2018-03-06","OKC","HOU",0.65625,0.806451612903226,0.6,1,0.476190476190476,"Loss"
"643","2018-03-06","DAL","DEN",0.382352941176471,0.727272727272727,0.3,0.6,0.454545454545455,"Win"
"644","2018-03-06","POR","NY",0.65625,0.533333333333333,0.9,0.1,0.833333333333333,"Win"
"645","2018-03-06","GS","BKN",0.78125,0.363636363636364,0.9,0.1,0.833333333333333,"Win"
"646","2018-03-06","LAC","NO",0.5625,0.586206896551724,0.6,0.9,0.636363636363636,"Loss"
"647","2018-03-07","IND","UTA",0.647058823529412,0.65625,0.7,0.8,0.583333333333333,"Loss"
"648","2018-03-07","CHI","MEM",0.454545454545455,0.393939393939394,0.3,0,0.5,"Win"
"649","2018-03-07","DET","TOR",0.588235294117647,0.84375,0.2,0.9,0.272727272727273,"Loss"
"650","2018-03-07","MIL","HOU",0.588235294117647,0.806451612903226,0.3,1,0.25,"Loss"
"651","2018-03-07","SAC","NO",0.3125,0.586206896551724,0.3,1,0.409090909090909,"Loss"
"652","2018-03-07","DEN","CLE",0.705882352941177,0.666666666666667,0.6,0.6,0.416666666666667,"Loss"
"653","2018-03-07","LAL","ORL",0.516129032258065,0.419354838709677,0.6,0.2,0.5,"Win"
"654","2018-03-08","CHA","BKN",0.514285714285714,0.363636363636364,0.5,0.2,0.571428571428571,"Loss"
"655","2018-03-08","MIA","PHI",0.59375,0.666666666666667,0.5,0.6,0.681818181818182,"Win"
"656","2018-03-08","MIN","BOS",0.757575757575758,0.676470588235294,0.4,0.6,0.333333333333333,"Loss"
"657","2018-03-08","OKC","PHO",0.666666666666667,0.272727272727273,0.6,0.1,0.714285714285714,"Win"
"658","2018-03-08","GS","SA",0.787878787878788,0.741935483870968,0.9,0.3,0.454545454545455,"Win"
"659","2018-03-09","DET","CHI",0.6,0.454545454545455,0.3,0.3,0.5,"Win"
"660","2018-03-09","IND","ATL",0.657142857142857,0.441176470588235,0.7,0.3,0.5,"Win"
"661","2018-03-09","TOR","HOU",0.848484848484849,0.806451612903226,0.9,0.9,0.5,"Win"
"662","2018-03-09","MEM","UTA",0.382352941176471,0.65625,0,0.8,0.571428571428571,"Loss"
"663","2018-03-09","MIL","NY",0.6,0.533333333333333,0.3,0.1,0.590909090909091,"Win"
"664","2018-03-09","NO","WAS",0.566666666666667,0.575757575757576,0.9,0.6,0.0833333333333333,"Loss"
"665","2018-03-09","DEN","LAL",0.714285714285714,0.516129032258065,0.6,0.6,0.727272727272727,"Win"
"666","2018-03-09","POR","GS",0.666666666666667,0.787878787878788,0.9,0.8,0.238095238095238,"Win"
"667","2018-03-09","SAC","ORL",0.333333333333333,0.419354838709677,0.3,0.2,0.666666666666667,"Win"
"668","2018-03-09","LAC","CLE",0.575757575757576,0.666666666666667,0.7,0.5,0.416666666666667,"Win"
"669","2018-03-10","CHA","PHO",0.527777777777778,0.272727272727273,0.5,0.1,0.416666666666667,"Win"
"670","2018-03-10","MIA","WAS",0.606060606060606,0.575757575757576,0.6,0.5,0.583333333333333,"Win"
"671","2018-03-10","DAL","MEM",0.4,0.382352941176471,0.3,0,0.541666666666667,"Win"
"672","2018-03-10","OKC","SA",0.676470588235294,0.741935483870968,0.7,0.2,0.545454545454545,"Win"
"673","2018-03-10","LAC","ORL",0.588235294117647,0.419354838709677,0.7,0.2,0.833333333333333,"Win"
