"","team1","team2","hist_win","hist_lost","hist_rate"
"2","ATL","BKN",24,20,0.545454545454545
"3","ATL","BOS",22,22,0.5
"4","ATL","CHA",26,22,0.541666666666667
"5","ATL","CHI",20,22,0.476190476190476
"6","ATL","CLE",24,20,0.545454545454545
"7","ATL","DAL",20,4,0.833333333333333
"8","ATL","DEN",16,8,0.666666666666667
"9","ATL","DET",24,20,0.545454545454545
"10","ATL","GS",2,22,0.0833333333333333
"11","ATL","HOU",14,10,0.583333333333333
"12","ATL","IND",22,22,0.5
"13","ATL","LAC",10,14,0.416666666666667
"14","ATL","LAL",10,14,0.416666666666667
"15","ATL","MEM",14,10,0.583333333333333
"16","ATL","MIA",20,28,0.416666666666667
"17","ATL","MIL",28,14,0.666666666666667
"18","ATL","MIN",10,14,0.416666666666667
"19","ATL","NO",12,12,0.5
"20","ATL","NY",22,20,0.523809523809524
"21","ATL","OKC",8,16,0.333333333333333
"22","ATL","ORL",30,18,0.625
"23","ATL","PHI",30,12,0.714285714285714
"24","ATL","PHO",12,12,0.5
"25","ATL","POR",14,10,0.583333333333333
"26","ATL","SA",4,20,0.166666666666667
"27","ATL","SAC",18,6,0.75
"28","ATL","TOR",16,28,0.363636363636364
"29","ATL","UTA",18,6,0.75
"30","ATL","WAS",24,24,0.5
"31","BKN","ATL",20,24,0.454545454545455
"33","BKN","BOS",18,30,0.375
"34","BKN","CHA",18,24,0.428571428571429
"35","BKN","CHI",16,26,0.380952380952381
"36","BKN","CLE",16,28,0.363636363636364
"37","BKN","DAL",12,12,0.5
"38","BKN","DEN",14,10,0.583333333333333
"39","BKN","DET",22,22,0.5
"40","BKN","GS",4,20,0.166666666666667
"41","BKN","HOU",6,18,0.25
"42","BKN","IND",14,30,0.318181818181818
"43","BKN","LAC",8,16,0.333333333333333
"44","BKN","LAL",8,16,0.333333333333333
"45","BKN","MEM",10,14,0.416666666666667
"46","BKN","MIA",16,28,0.363636363636364
"47","BKN","MIL",14,28,0.333333333333333
"48","BKN","MIN",10,14,0.416666666666667
"49","BKN","NO",8,16,0.333333333333333
"50","BKN","NY",22,26,0.458333333333333
"51","BKN","OKC",12,12,0.5
"52","BKN","ORL",26,18,0.590909090909091
"53","BKN","PHI",26,22,0.541666666666667
"54","BKN","PHO",18,6,0.75
"55","BKN","POR",8,16,0.333333333333333
"56","BKN","SA",4,20,0.166666666666667
"57","BKN","SAC",14,10,0.583333333333333
"58","BKN","TOR",14,34,0.291666666666667
"59","BKN","UTA",8,16,0.333333333333333
"60","BKN","WAS",14,28,0.333333333333333
"61","BOS","ATL",22,22,0.5
"62","BOS","BKN",30,18,0.625
"64","BOS","CHA",30,12,0.714285714285714
"65","BOS","CHI",20,24,0.454545454545455
"66","BOS","CLE",20,22,0.476190476190476
"67","BOS","DAL",10,14,0.416666666666667
"68","BOS","DEN",16,8,0.666666666666667
"69","BOS","DET",22,20,0.523809523809524
"70","BOS","GS",8,16,0.333333333333333
"71","BOS","HOU",8,16,0.333333333333333
"72","BOS","IND",22,20,0.523809523809524
"73","BOS","LAC",8,16,0.333333333333333
"74","BOS","LAL",12,12,0.5
"75","BOS","MEM",12,12,0.5
"76","BOS","MIA",24,18,0.571428571428571
"77","BOS","MIL",22,22,0.5
"78","BOS","MIN",16,8,0.666666666666667
"79","BOS","NO",10,14,0.416666666666667
"80","BOS","NY",30,18,0.625
"81","BOS","OKC",8,16,0.333333333333333
"82","BOS","ORL",32,12,0.727272727272727
"83","BOS","PHI",34,14,0.708333333333333
"84","BOS","PHO",16,8,0.666666666666667
"85","BOS","POR",12,12,0.5
"86","BOS","SA",2,22,0.0833333333333333
"87","BOS","SAC",16,8,0.666666666666667
"88","BOS","TOR",20,28,0.416666666666667
"89","BOS","UTA",18,6,0.75
"90","BOS","WAS",24,20,0.545454545454545
"91","CHA","ATL",22,26,0.458333333333333
"92","CHA","BKN",24,18,0.571428571428571
"93","CHA","BOS",12,30,0.285714285714286
"95","CHA","CHI",18,26,0.409090909090909
"96","CHA","CLE",12,30,0.285714285714286
"97","CHA","DAL",12,12,0.5
"98","CHA","DEN",14,10,0.583333333333333
"99","CHA","DET",22,20,0.523809523809524
"100","CHA","GS",6,18,0.25
"101","CHA","HOU",2,22,0.0833333333333333
"102","CHA","IND",20,24,0.454545454545455
"103","CHA","LAC",4,20,0.166666666666667
"104","CHA","LAL",14,10,0.583333333333333
"105","CHA","MEM",12,12,0.5
"106","CHA","MIA",12,36,0.25
"107","CHA","MIL",28,16,0.636363636363636
"108","CHA","MIN",18,6,0.75
"109","CHA","NO",6,18,0.25
"110","CHA","NY",24,20,0.545454545454545
"111","CHA","OKC",6,18,0.25
"112","CHA","ORL",36,12,0.75
"113","CHA","PHI",22,22,0.5
"114","CHA","PHO",10,14,0.416666666666667
"115","CHA","POR",6,18,0.25
"116","CHA","SA",2,22,0.0833333333333333
"117","CHA","SAC",14,10,0.583333333333333
"118","CHA","TOR",20,24,0.454545454545455
"119","CHA","UTA",8,16,0.333333333333333
"120","CHA","WAS",28,20,0.583333333333333
"121","CHI","ATL",22,20,0.523809523809524
"122","CHI","BKN",26,16,0.619047619047619
"123","CHI","BOS",24,20,0.545454545454545
"124","CHI","CHA",26,18,0.590909090909091
"126","CHI","CLE",28,20,0.583333333333333
"127","CHI","DAL",10,14,0.416666666666667
"128","CHI","DEN",6,18,0.25
"129","CHI","DET",24,24,0.5
"130","CHI","GS",10,14,0.416666666666667
"131","CHI","HOU",8,16,0.333333333333333
"132","CHI","IND",22,26,0.458333333333333
"133","CHI","LAC",4,20,0.166666666666667
"134","CHI","LAL",14,10,0.583333333333333
"135","CHI","MEM",12,12,0.5
"136","CHI","MIA",18,26,0.409090909090909
"137","CHI","MIL",28,20,0.583333333333333
"138","CHI","MIN",12,12,0.5
"139","CHI","NO",14,10,0.583333333333333
"140","CHI","NY",26,18,0.590909090909091
"141","CHI","OKC",8,16,0.333333333333333
"142","CHI","ORL",32,12,0.727272727272727
"143","CHI","PHI",34,8,0.80952380952381
"144","CHI","PHO",12,12,0.5
"145","CHI","POR",6,18,0.25
"146","CHI","SA",8,16,0.333333333333333
"147","CHI","SAC",14,10,0.583333333333333
"148","CHI","TOR",26,18,0.590909090909091
"149","CHI","UTA",16,8,0.666666666666667
"150","CHI","WAS",16,26,0.380952380952381
"151","CLE","ATL",20,24,0.454545454545455
"152","CLE","BKN",28,16,0.636363636363636
"153","CLE","BOS",22,20,0.523809523809524
"154","CLE","CHA",30,12,0.714285714285714
"155","CLE","CHI",20,28,0.416666666666667
"157","CLE","DAL",12,12,0.5
"158","CLE","DEN",14,10,0.583333333333333
"159","CLE","DET",24,24,0.5
"160","CLE","GS",6,18,0.25
"161","CLE","HOU",4,20,0.166666666666667
"162","CLE","IND",20,28,0.416666666666667
"163","CLE","LAC",14,10,0.583333333333333
"164","CLE","LAL",18,6,0.75
"165","CLE","MEM",14,10,0.583333333333333
"166","CLE","MIA",12,30,0.285714285714286
"167","CLE","MIL",32,16,0.666666666666667
"168","CLE","MIN",16,8,0.666666666666667
"169","CLE","NO",10,14,0.416666666666667
"170","CLE","NY",28,16,0.636363636363636
"171","CLE","OKC",14,10,0.583333333333333
"172","CLE","ORL",38,6,0.863636363636364
"173","CLE","PHI",30,14,0.681818181818182
"174","CLE","PHO",16,8,0.666666666666667
"175","CLE","POR",10,14,0.416666666666667
"176","CLE","SA",4,20,0.166666666666667
"177","CLE","SAC",12,12,0.5
"178","CLE","TOR",24,18,0.571428571428571
"179","CLE","UTA",14,10,0.583333333333333
"180","CLE","WAS",30,14,0.681818181818182
"181","DAL","ATL",4,20,0.166666666666667
"182","DAL","BKN",12,12,0.5
"183","DAL","BOS",14,10,0.583333333333333
"184","DAL","CHA",12,12,0.5
"185","DAL","CHI",14,10,0.583333333333333
"186","DAL","CLE",12,12,0.5
"188","DAL","DEN",20,24,0.454545454545455
"189","DAL","DET",14,10,0.583333333333333
"190","DAL","GS",6,38,0.136363636363636
"191","DAL","HOU",16,32,0.333333333333333
"192","DAL","IND",10,14,0.416666666666667
"193","DAL","LAC",14,28,0.333333333333333
"194","DAL","LAL",32,12,0.727272727272727
"195","DAL","MEM",26,22,0.541666666666667
"196","DAL","MIA",4,20,0.166666666666667
"197","DAL","MIL",18,6,0.75
"198","DAL","MIN",22,22,0.5
"199","DAL","NO",30,18,0.625
"200","DAL","NY",16,8,0.666666666666667
"201","DAL","OKC",16,28,0.363636363636364
"202","DAL","ORL",18,6,0.75
"203","DAL","PHI",16,8,0.666666666666667
"204","DAL","PHO",20,22,0.476190476190476
"205","DAL","POR",24,18,0.571428571428571
"206","DAL","SA",8,40,0.166666666666667
"207","DAL","SAC",28,16,0.636363636363636
"208","DAL","TOR",8,16,0.333333333333333
"209","DAL","UTA",22,20,0.523809523809524
"210","DAL","WAS",22,2,0.916666666666667
"211","DEN","ATL",8,16,0.333333333333333
"212","DEN","BKN",10,14,0.416666666666667
"213","DEN","BOS",8,16,0.333333333333333
"214","DEN","CHA",10,14,0.416666666666667
"215","DEN","CHI",18,6,0.75
"216","DEN","CLE",10,14,0.416666666666667
"217","DEN","DAL",24,20,0.545454545454545
"219","DEN","DET",16,8,0.666666666666667
"220","DEN","GS",20,24,0.454545454545455
"221","DEN","HOU",16,26,0.380952380952381
"222","DEN","IND",18,6,0.75
"223","DEN","LAC",20,22,0.476190476190476
"224","DEN","LAL",32,12,0.727272727272727
"225","DEN","MEM",18,26,0.409090909090909
"226","DEN","MIA",8,16,0.333333333333333
"227","DEN","MIL",20,4,0.833333333333333
"228","DEN","MIN",26,22,0.541666666666667
"229","DEN","NO",26,16,0.619047619047619
"230","DEN","NY",16,8,0.666666666666667
"231","DEN","OKC",18,30,0.375
"232","DEN","ORL",18,6,0.75
"233","DEN","PHI",10,14,0.416666666666667
"234","DEN","PHO",22,20,0.523809523809524
"235","DEN","POR",16,32,0.333333333333333
"236","DEN","SA",10,34,0.227272727272727
"237","DEN","SAC",24,20,0.545454545454545
"238","DEN","TOR",10,14,0.416666666666667
"239","DEN","UTA",22,26,0.458333333333333
"240","DEN","WAS",10,14,0.416666666666667
"241","DET","ATL",20,24,0.454545454545455
"242","DET","BKN",22,22,0.5
"243","DET","BOS",20,22,0.476190476190476
"244","DET","CHA",20,22,0.476190476190476
"245","DET","CHI",24,24,0.5
"246","DET","CLE",24,24,0.5
"247","DET","DAL",10,14,0.416666666666667
"248","DET","DEN",8,16,0.333333333333333
"250","DET","GS",4,20,0.166666666666667
"251","DET","HOU",10,14,0.416666666666667
"252","DET","IND",14,34,0.291666666666667
"253","DET","LAC",4,20,0.166666666666667
"254","DET","LAL",8,16,0.333333333333333
"255","DET","MEM",6,18,0.25
"256","DET","MIA",20,24,0.454545454545455
"257","DET","MIL",26,22,0.541666666666667
"258","DET","MIN",12,12,0.5
"259","DET","NO",2,22,0.0833333333333333
"260","DET","NY",22,20,0.523809523809524
"261","DET","OKC",8,16,0.333333333333333
"262","DET","ORL",22,20,0.523809523809524
"263","DET","PHI",24,20,0.545454545454545
"264","DET","PHO",16,8,0.666666666666667
"265","DET","POR",12,12,0.5
"266","DET","SA",8,16,0.333333333333333
"267","DET","SAC",16,8,0.666666666666667
"268","DET","TOR",12,32,0.272727272727273
"269","DET","UTA",6,18,0.25
"270","DET","WAS",20,24,0.454545454545455
"271","GS","ATL",22,2,0.916666666666667
"272","GS","BKN",20,4,0.833333333333333
"273","GS","BOS",16,8,0.666666666666667
"274","GS","CHA",18,6,0.75
"275","GS","CHI",14,10,0.583333333333333
"276","GS","CLE",18,6,0.75
"277","GS","DAL",38,6,0.863636363636364
"278","GS","DEN",24,20,0.545454545454545
"279","GS","DET",20,4,0.833333333333333
"281","GS","HOU",26,16,0.619047619047619
"282","GS","IND",14,10,0.583333333333333
"283","GS","LAC",38,10,0.791666666666667
"284","GS","LAL",34,14,0.708333333333333
"285","GS","MEM",24,18,0.571428571428571
"286","GS","MIA",18,6,0.75
"287","GS","MIL",16,8,0.666666666666667
"288","GS","MIN",34,8,0.80952380952381
"289","GS","NO",40,4,0.909090909090909
"290","GS","NY",20,4,0.833333333333333
"291","GS","OKC",28,16,0.636363636363636
"292","GS","ORL",20,4,0.833333333333333
"293","GS","PHI",22,2,0.916666666666667
"294","GS","PHO",42,6,0.875
"295","GS","POR",32,10,0.761904761904762
"296","GS","SA",20,24,0.454545454545455
"297","GS","SAC",36,12,0.75
"298","GS","TOR",22,2,0.916666666666667
"299","GS","UTA",30,14,0.681818181818182
"300","GS","WAS",20,4,0.833333333333333
"301","HOU","ATL",10,14,0.416666666666667
"302","HOU","BKN",18,6,0.75
"303","HOU","BOS",16,8,0.666666666666667
"304","HOU","CHA",22,2,0.916666666666667
"305","HOU","CHI",16,8,0.666666666666667
"306","HOU","CLE",20,4,0.833333333333333
"307","HOU","DAL",32,16,0.666666666666667
"308","HOU","DEN",26,16,0.619047619047619
"309","HOU","DET",14,10,0.583333333333333
"310","HOU","GS",16,26,0.380952380952381
"312","HOU","IND",12,12,0.5
"313","HOU","LAC",18,26,0.409090909090909
"314","HOU","LAL",32,12,0.727272727272727
"315","HOU","MEM",22,26,0.458333333333333
"316","HOU","MIA",12,12,0.5
"317","HOU","MIL",18,6,0.75
"318","HOU","MIN",38,6,0.863636363636364
"319","HOU","NO",34,14,0.708333333333333
"320","HOU","NY",22,2,0.916666666666667
"321","HOU","OKC",22,20,0.523809523809524
"322","HOU","ORL",20,4,0.833333333333333
"323","HOU","PHI",18,6,0.75
"324","HOU","PHO",34,10,0.772727272727273
"325","HOU","POR",28,16,0.636363636363636
"326","HOU","SA",22,26,0.458333333333333
"327","HOU","SAC",32,10,0.761904761904762
"328","HOU","TOR",12,12,0.5
"329","HOU","UTA",30,14,0.681818181818182
"330","HOU","WAS",16,8,0.666666666666667
"331","IND","ATL",22,22,0.5
"332","IND","BKN",30,14,0.681818181818182
"333","IND","BOS",20,22,0.476190476190476
"334","IND","CHA",24,20,0.545454545454545
"335","IND","CHI",26,22,0.541666666666667
"336","IND","CLE",28,20,0.583333333333333
"337","IND","DAL",14,10,0.583333333333333
"338","IND","DEN",6,18,0.25
"339","IND","DET",34,14,0.708333333333333
"340","IND","GS",10,14,0.416666666666667
"341","IND","HOU",12,12,0.5
"343","IND","LAC",16,8,0.666666666666667
"344","IND","LAL",16,8,0.666666666666667
"345","IND","MEM",12,12,0.5
"346","IND","MIA",24,20,0.545454545454545
"347","IND","MIL",30,18,0.625
"348","IND","MIN",14,10,0.583333333333333
"349","IND","NO",18,6,0.75
"350","IND","NY",28,14,0.666666666666667
"351","IND","OKC",10,14,0.416666666666667
"352","IND","ORL",36,6,0.857142857142857
"353","IND","PHI",32,10,0.761904761904762
"354","IND","PHO",14,10,0.583333333333333
"355","IND","POR",6,18,0.25
"356","IND","SA",8,16,0.333333333333333
"357","IND","SAC",16,8,0.666666666666667
"358","IND","TOR",14,30,0.318181818181818
"359","IND","UTA",14,10,0.583333333333333
"360","IND","WAS",22,20,0.523809523809524
"361","LAC","ATL",14,10,0.583333333333333
"362","LAC","BKN",16,8,0.666666666666667
"363","LAC","BOS",16,8,0.666666666666667
"364","LAC","CHA",20,4,0.833333333333333
"365","LAC","CHI",20,4,0.833333333333333
"366","LAC","CLE",10,14,0.416666666666667
"367","LAC","DAL",28,14,0.666666666666667
"368","LAC","DEN",22,20,0.523809523809524
"369","LAC","DET",20,4,0.833333333333333
"370","LAC","GS",10,38,0.208333333333333
"371","LAC","HOU",26,18,0.590909090909091
"372","LAC","IND",8,16,0.333333333333333
"374","LAC","LAL",42,6,0.875
"375","LAC","MEM",26,18,0.590909090909091
"376","LAC","MIA",12,12,0.5
"377","LAC","MIL",18,6,0.75
"378","LAC","MIN",30,14,0.681818181818182
"379","LAC","NO",28,16,0.636363636363636
"380","LAC","NY",22,2,0.916666666666667
"381","LAC","OKC",14,28,0.333333333333333
"382","LAC","ORL",20,4,0.833333333333333
"383","LAC","PHI",18,6,0.75
"384","LAC","PHO",40,8,0.833333333333333
"385","LAC","POR",28,16,0.636363636363636
"386","LAC","SA",20,22,0.476190476190476
"387","LAC","SAC",40,8,0.833333333333333
"388","LAC","TOR",12,12,0.5
"389","LAC","UTA",34,10,0.772727272727273
"390","LAC","WAS",16,8,0.666666666666667
"391","LAL","ATL",14,10,0.583333333333333
"392","LAL","BKN",16,8,0.666666666666667
"393","LAL","BOS",12,12,0.5
"394","LAL","CHA",10,14,0.416666666666667
"395","LAL","CHI",10,14,0.416666666666667
"396","LAL","CLE",6,18,0.25
"397","LAL","DAL",12,32,0.272727272727273
"398","LAL","DEN",12,32,0.272727272727273
"399","LAL","DET",16,8,0.666666666666667
"400","LAL","GS",14,34,0.291666666666667
"401","LAL","HOU",12,32,0.272727272727273
"402","LAL","IND",8,16,0.333333333333333
"403","LAL","LAC",6,42,0.125
"405","LAL","MEM",14,30,0.318181818181818
"406","LAL","MIA",6,18,0.25
"407","LAL","MIL",8,16,0.333333333333333
"408","LAL","MIN",20,24,0.454545454545455
"409","LAL","NO",18,24,0.428571428571429
"410","LAL","NY",8,16,0.333333333333333
"411","LAL","OKC",10,34,0.227272727272727
"412","LAL","ORL",12,12,0.5
"413","LAL","PHI",14,10,0.583333333333333
"414","LAL","PHO",18,30,0.375
"415","LAL","POR",8,34,0.19047619047619
"416","LAL","SA",14,28,0.333333333333333
"417","LAL","SAC",22,26,0.458333333333333
"418","LAL","TOR",6,18,0.25
"419","LAL","UTA",10,32,0.238095238095238
"420","LAL","WAS",6,18,0.25
"421","MEM","ATL",10,14,0.416666666666667
"422","MEM","BKN",14,10,0.583333333333333
"423","MEM","BOS",12,12,0.5
"424","MEM","CHA",12,12,0.5
"425","MEM","CHI",12,12,0.5
"426","MEM","CLE",10,14,0.416666666666667
"427","MEM","DAL",22,26,0.458333333333333
"428","MEM","DEN",26,18,0.590909090909091
"429","MEM","DET",18,6,0.75
"430","MEM","GS",18,24,0.428571428571429
"431","MEM","HOU",26,22,0.541666666666667
"432","MEM","IND",12,12,0.5
"433","MEM","LAC",18,26,0.409090909090909
"434","MEM","LAL",30,14,0.681818181818182
"436","MEM","MIA",12,12,0.5
"437","MEM","MIL",14,10,0.583333333333333
"438","MEM","MIN",28,14,0.666666666666667
"439","MEM","NO",26,22,0.541666666666667
"440","MEM","NY",18,6,0.75
"441","MEM","OKC",16,28,0.363636363636364
"442","MEM","ORL",16,8,0.666666666666667
"443","MEM","PHI",20,4,0.833333333333333
"444","MEM","PHO",30,14,0.681818181818182
"445","MEM","POR",28,16,0.636363636363636
"446","MEM","SA",12,36,0.25
"447","MEM","SAC",34,8,0.80952380952381
"448","MEM","TOR",8,16,0.333333333333333
"449","MEM","UTA",24,18,0.571428571428571
"450","MEM","WAS",10,14,0.416666666666667
"451","MIA","ATL",28,20,0.583333333333333
"452","MIA","BKN",28,16,0.636363636363636
"453","MIA","BOS",18,24,0.428571428571429
"454","MIA","CHA",36,12,0.75
"455","MIA","CHI",26,18,0.590909090909091
"456","MIA","CLE",30,12,0.714285714285714
"457","MIA","DAL",20,4,0.833333333333333
"458","MIA","DEN",16,8,0.666666666666667
"459","MIA","DET",24,20,0.545454545454545
"460","MIA","GS",6,18,0.25
"461","MIA","HOU",12,12,0.5
"462","MIA","IND",20,24,0.454545454545455
"463","MIA","LAC",12,12,0.5
"464","MIA","LAL",18,6,0.75
"465","MIA","MEM",12,12,0.5
"467","MIA","MIL",26,16,0.619047619047619
"468","MIA","MIN",16,8,0.666666666666667
"469","MIA","NO",12,12,0.5
"470","MIA","NY",26,18,0.590909090909091
"471","MIA","OKC",8,16,0.333333333333333
"472","MIA","ORL",34,14,0.708333333333333
"473","MIA","PHI",30,14,0.681818181818182
"474","MIA","PHO",22,2,0.916666666666667
"475","MIA","POR",10,14,0.416666666666667
"476","MIA","SA",6,18,0.25
"477","MIA","SAC",18,6,0.75
"478","MIA","TOR",24,18,0.571428571428571
"479","MIA","UTA",14,10,0.583333333333333
"480","MIA","WAS",28,20,0.583333333333333
"481","MIL","ATL",14,28,0.333333333333333
"482","MIL","BKN",28,14,0.666666666666667
"483","MIL","BOS",22,22,0.5
"484","MIL","CHA",16,28,0.363636363636364
"485","MIL","CHI",20,28,0.416666666666667
"486","MIL","CLE",16,32,0.333333333333333
"487","MIL","DAL",6,18,0.25
"488","MIL","DEN",4,20,0.166666666666667
"489","MIL","DET",22,26,0.458333333333333
"490","MIL","GS",8,16,0.333333333333333
"491","MIL","HOU",6,18,0.25
"492","MIL","IND",18,30,0.375
"493","MIL","LAC",6,18,0.25
"494","MIL","LAL",16,8,0.666666666666667
"495","MIL","MEM",10,14,0.416666666666667
"496","MIL","MIA",16,26,0.380952380952381
"498","MIL","MIN",12,12,0.5
"499","MIL","NO",6,18,0.25
"500","MIL","NY",26,18,0.590909090909091
"501","MIL","OKC",8,16,0.333333333333333
"502","MIL","ORL",26,18,0.590909090909091
"503","MIL","PHI",32,12,0.727272727272727
"504","MIL","PHO",18,6,0.75
"505","MIL","POR",16,8,0.666666666666667
"506","MIL","SA",6,18,0.25
"507","MIL","SAC",16,8,0.666666666666667
"508","MIL","TOR",12,30,0.285714285714286
"509","MIL","UTA",6,18,0.25
"510","MIL","WAS",14,30,0.318181818181818
"511","MIN","ATL",14,10,0.583333333333333
"512","MIN","BKN",14,10,0.583333333333333
"513","MIN","BOS",8,16,0.333333333333333
"514","MIN","CHA",6,18,0.25
"515","MIN","CHI",12,12,0.5
"516","MIN","CLE",8,16,0.333333333333333
"517","MIN","DAL",22,22,0.5
"518","MIN","DEN",22,26,0.458333333333333
"519","MIN","DET",12,12,0.5
"520","MIN","GS",8,34,0.19047619047619
"521","MIN","HOU",6,38,0.136363636363636
"522","MIN","IND",10,14,0.416666666666667
"523","MIN","LAC",14,30,0.318181818181818
"524","MIN","LAL",24,20,0.545454545454545
"525","MIN","MEM",14,28,0.333333333333333
"526","MIN","MIA",8,16,0.333333333333333
"527","MIN","MIL",12,12,0.5
"529","MIN","NO",22,22,0.5
"530","MIN","NY",10,14,0.416666666666667
"531","MIN","OKC",16,32,0.333333333333333
"532","MIN","ORL",10,14,0.416666666666667
"533","MIN","PHI",12,12,0.5
"534","MIN","PHO",24,20,0.545454545454545
"535","MIN","POR",14,34,0.291666666666667
"536","MIN","SA",8,34,0.19047619047619
"537","MIN","SAC",24,18,0.571428571428571
"538","MIN","TOR",6,18,0.25
"539","MIN","UTA",16,32,0.333333333333333
"540","MIN","WAS",12,12,0.5
"541","NO","ATL",12,12,0.5
"542","NO","BKN",16,8,0.666666666666667
"543","NO","BOS",14,10,0.583333333333333
"544","NO","CHA",18,6,0.75
"545","NO","CHI",10,14,0.416666666666667
"546","NO","CLE",14,10,0.583333333333333
"547","NO","DAL",18,30,0.375
"548","NO","DEN",16,26,0.380952380952381
"549","NO","DET",22,2,0.916666666666667
"550","NO","GS",4,40,0.0909090909090909
"551","NO","HOU",14,34,0.291666666666667
"552","NO","IND",6,18,0.25
"553","NO","LAC",16,28,0.363636363636364
"554","NO","LAL",24,18,0.571428571428571
"555","NO","MEM",22,26,0.458333333333333
"556","NO","MIA",12,12,0.5
"557","NO","MIL",18,6,0.75
"558","NO","MIN",22,22,0.5
"560","NO","NY",12,12,0.5
"561","NO","OKC",14,28,0.333333333333333
"562","NO","ORL",10,14,0.416666666666667
"563","NO","PHI",14,10,0.583333333333333
"564","NO","PHO",24,18,0.571428571428571
"565","NO","POR",18,26,0.409090909090909
"566","NO","SA",18,30,0.375
"567","NO","SAC",26,18,0.590909090909091
"568","NO","TOR",4,20,0.166666666666667
"569","NO","UTA",16,28,0.363636363636364
"570","NO","WAS",2,22,0.0833333333333333
"571","NY","ATL",20,22,0.476190476190476
"572","NY","BKN",26,22,0.541666666666667
"573","NY","BOS",18,30,0.375
"574","NY","CHA",20,24,0.454545454545455
"575","NY","CHI",18,26,0.409090909090909
"576","NY","CLE",16,28,0.363636363636364
"577","NY","DAL",8,16,0.333333333333333
"578","NY","DEN",8,16,0.333333333333333
"579","NY","DET",20,22,0.476190476190476
"580","NY","GS",4,20,0.166666666666667
"581","NY","HOU",2,22,0.0833333333333333
"582","NY","IND",14,28,0.333333333333333
"583","NY","LAC",2,22,0.0833333333333333
"584","NY","LAL",16,8,0.666666666666667
"585","NY","MEM",6,18,0.25
"586","NY","MIA",18,26,0.409090909090909
"587","NY","MIL",18,26,0.409090909090909
"588","NY","MIN",14,10,0.583333333333333
"589","NY","NO",12,12,0.5
"591","NY","OKC",8,16,0.333333333333333
"592","NY","ORL",26,18,0.590909090909091
"593","NY","PHI",30,18,0.625
"594","NY","PHO",14,10,0.583333333333333
"595","NY","POR",4,20,0.166666666666667
"596","NY","SA",10,14,0.416666666666667
"597","NY","SAC",10,14,0.416666666666667
"598","NY","TOR",14,34,0.291666666666667
"599","NY","UTA",14,10,0.583333333333333
"600","NY","WAS",10,32,0.238095238095238
"601","OKC","ATL",16,8,0.666666666666667
"602","OKC","BKN",12,12,0.5
"603","OKC","BOS",16,8,0.666666666666667
"604","OKC","CHA",18,6,0.75
"605","OKC","CHI",16,8,0.666666666666667
"606","OKC","CLE",10,14,0.416666666666667
"607","OKC","DAL",28,16,0.636363636363636
"608","OKC","DEN",30,18,0.625
"609","OKC","DET",16,8,0.666666666666667
"610","OKC","GS",16,28,0.363636363636364
"611","OKC","HOU",20,22,0.476190476190476
"612","OKC","IND",14,10,0.583333333333333
"613","OKC","LAC",28,14,0.666666666666667
"614","OKC","LAL",34,10,0.772727272727273
"615","OKC","MEM",28,16,0.636363636363636
"616","OKC","MIA",16,8,0.666666666666667
"617","OKC","MIL",16,8,0.666666666666667
"618","OKC","MIN",32,16,0.666666666666667
"619","OKC","NO",28,14,0.666666666666667
"620","OKC","NY",16,8,0.666666666666667
"622","OKC","ORL",18,6,0.75
"623","OKC","PHI",24,0,1
"624","OKC","PHO",30,12,0.714285714285714
"625","OKC","POR",20,28,0.416666666666667
"626","OKC","SA",24,20,0.545454545454545
"627","OKC","SAC",34,10,0.772727272727273
"628","OKC","TOR",16,8,0.666666666666667
"629","OKC","UTA",36,12,0.75
"630","OKC","WAS",16,8,0.666666666666667
"631","ORL","ATL",18,30,0.375
"632","ORL","BKN",18,26,0.409090909090909
"633","ORL","BOS",12,32,0.272727272727273
"634","ORL","CHA",12,36,0.25
"635","ORL","CHI",12,32,0.272727272727273
"636","ORL","CLE",6,38,0.136363636363636
"637","ORL","DAL",6,18,0.25
"638","ORL","DEN",6,18,0.25
"639","ORL","DET",20,22,0.476190476190476
"640","ORL","GS",4,20,0.166666666666667
"641","ORL","HOU",4,20,0.166666666666667
"642","ORL","IND",6,36,0.142857142857143
"643","ORL","LAC",4,20,0.166666666666667
"644","ORL","LAL",12,12,0.5
"645","ORL","MEM",8,16,0.333333333333333
"646","ORL","MIA",14,34,0.291666666666667
"647","ORL","MIL",18,26,0.409090909090909
"648","ORL","MIN",14,10,0.583333333333333
"649","ORL","NO",14,10,0.583333333333333
"650","ORL","NY",18,26,0.409090909090909
"651","ORL","OKC",6,18,0.25
"653","ORL","PHI",26,16,0.619047619047619
"654","ORL","PHO",12,12,0.5
"655","ORL","POR",10,14,0.416666666666667
"656","ORL","SA",4,20,0.166666666666667
"657","ORL","SAC",8,16,0.333333333333333
"658","ORL","TOR",6,36,0.142857142857143
"659","ORL","UTA",6,18,0.25
"660","ORL","WAS",10,38,0.208333333333333
"661","PHI","ATL",12,30,0.285714285714286
"662","PHI","BKN",22,26,0.458333333333333
"663","PHI","BOS",14,34,0.291666666666667
"664","PHI","CHA",22,22,0.5
"665","PHI","CHI",8,34,0.19047619047619
"666","PHI","CLE",14,30,0.318181818181818
"667","PHI","DAL",8,16,0.333333333333333
"668","PHI","DEN",14,10,0.583333333333333
"669","PHI","DET",20,24,0.454545454545455
"670","PHI","GS",2,22,0.0833333333333333
"671","PHI","HOU",6,18,0.25
"672","PHI","IND",10,32,0.238095238095238
"673","PHI","LAC",6,18,0.25
"674","PHI","LAL",10,14,0.416666666666667
"675","PHI","MEM",4,20,0.166666666666667
"676","PHI","MIA",14,30,0.318181818181818
"677","PHI","MIL",12,32,0.272727272727273
"678","PHI","MIN",12,12,0.5
"679","PHI","NO",10,14,0.416666666666667
"680","PHI","NY",18,30,0.375
"681","PHI","OKC",0,24,0
"682","PHI","ORL",16,26,0.380952380952381
"684","PHI","PHO",10,14,0.416666666666667
"685","PHI","POR",10,14,0.416666666666667
"686","PHI","SA",4,20,0.166666666666667
"687","PHI","SAC",12,12,0.5
"688","PHI","TOR",10,38,0.208333333333333
"689","PHI","UTA",6,18,0.25
"690","PHI","WAS",16,28,0.363636363636364
"691","PHO","ATL",12,12,0.5
"692","PHO","BKN",6,18,0.25
"693","PHO","BOS",8,16,0.333333333333333
"694","PHO","CHA",14,10,0.583333333333333
"695","PHO","CHI",12,12,0.5
"696","PHO","CLE",8,16,0.333333333333333
"697","PHO","DAL",22,20,0.523809523809524
"698","PHO","DEN",20,22,0.476190476190476
"699","PHO","DET",8,16,0.333333333333333
"700","PHO","GS",6,42,0.125
"701","PHO","HOU",10,34,0.227272727272727
"702","PHO","IND",10,14,0.416666666666667
"703","PHO","LAC",8,40,0.166666666666667
"704","PHO","LAL",30,18,0.625
"705","PHO","MEM",14,30,0.318181818181818
"706","PHO","MIA",2,22,0.0833333333333333
"707","PHO","MIL",6,18,0.25
"708","PHO","MIN",20,24,0.454545454545455
"709","PHO","NO",18,24,0.428571428571429
"710","PHO","NY",10,14,0.416666666666667
"711","PHO","OKC",12,30,0.285714285714286
"712","PHO","ORL",12,12,0.5
"713","PHO","PHI",14,10,0.583333333333333
"715","PHO","POR",18,26,0.409090909090909
"716","PHO","SA",8,36,0.181818181818182
"717","PHO","SAC",20,28,0.416666666666667
"718","PHO","TOR",12,12,0.5
"719","PHO","UTA",12,32,0.272727272727273
"720","PHO","WAS",8,16,0.333333333333333
"721","POR","ATL",10,14,0.416666666666667
"722","POR","BKN",16,8,0.666666666666667
"723","POR","BOS",12,12,0.5
"724","POR","CHA",18,6,0.75
"725","POR","CHI",18,6,0.75
"726","POR","CLE",14,10,0.583333333333333
"727","POR","DAL",18,24,0.428571428571429
"728","POR","DEN",32,16,0.666666666666667
"729","POR","DET",12,12,0.5
"730","POR","GS",10,32,0.238095238095238
"731","POR","HOU",16,28,0.363636363636364
"732","POR","IND",18,6,0.75
"733","POR","LAC",16,28,0.363636363636364
"734","POR","LAL",34,8,0.80952380952381
"735","POR","MEM",16,28,0.363636363636364
"736","POR","MIA",14,10,0.583333333333333
"737","POR","MIL",8,16,0.333333333333333
"738","POR","MIN",34,14,0.708333333333333
"739","POR","NO",26,18,0.590909090909091
"740","POR","NY",20,4,0.833333333333333
"741","POR","OKC",28,20,0.583333333333333
"742","POR","ORL",14,10,0.583333333333333
"743","POR","PHI",14,10,0.583333333333333
"744","POR","PHO",26,18,0.590909090909091
"746","POR","SA",20,22,0.476190476190476
"747","POR","SAC",32,12,0.727272727272727
"748","POR","TOR",10,14,0.416666666666667
"749","POR","UTA",28,20,0.583333333333333
"750","POR","WAS",10,14,0.416666666666667
"751","SA","ATL",20,4,0.833333333333333
"752","SA","BKN",20,4,0.833333333333333
"753","SA","BOS",22,2,0.916666666666667
"754","SA","CHA",22,2,0.916666666666667
"755","SA","CHI",16,8,0.666666666666667
"756","SA","CLE",20,4,0.833333333333333
"757","SA","DAL",40,8,0.833333333333333
"758","SA","DEN",34,10,0.772727272727273
"759","SA","DET",16,8,0.666666666666667
"760","SA","GS",24,20,0.545454545454545
"761","SA","HOU",26,22,0.541666666666667
"762","SA","IND",16,8,0.666666666666667
"763","SA","LAC",22,20,0.523809523809524
"764","SA","LAL",28,14,0.666666666666667
"765","SA","MEM",36,12,0.75
"766","SA","MIA",18,6,0.75
"767","SA","MIL",18,6,0.75
"768","SA","MIN",34,8,0.80952380952381
"769","SA","NO",30,18,0.625
"770","SA","NY",14,10,0.583333333333333
"771","SA","OKC",20,24,0.454545454545455
"772","SA","ORL",20,4,0.833333333333333
"773","SA","PHI",20,4,0.833333333333333
"774","SA","PHO",36,8,0.818181818181818
"775","SA","POR",22,20,0.523809523809524
"777","SA","SAC",42,2,0.954545454545455
"778","SA","TOR",18,6,0.75
"779","SA","UTA",28,16,0.636363636363636
"780","SA","WAS",18,6,0.75
"781","SAC","ATL",6,18,0.25
"782","SAC","BKN",10,14,0.416666666666667
"783","SAC","BOS",8,16,0.333333333333333
"784","SAC","CHA",10,14,0.416666666666667
"785","SAC","CHI",10,14,0.416666666666667
"786","SAC","CLE",12,12,0.5
"787","SAC","DAL",16,28,0.363636363636364
"788","SAC","DEN",20,24,0.454545454545455
"789","SAC","DET",8,16,0.333333333333333
"790","SAC","GS",12,36,0.25
"791","SAC","HOU",10,32,0.238095238095238
"792","SAC","IND",8,16,0.333333333333333
"793","SAC","LAC",8,40,0.166666666666667
"794","SAC","LAL",26,22,0.541666666666667
"795","SAC","MEM",8,34,0.19047619047619
"796","SAC","MIA",6,18,0.25
"797","SAC","MIL",8,16,0.333333333333333
"798","SAC","MIN",18,24,0.428571428571429
"799","SAC","NO",18,26,0.409090909090909
"800","SAC","NY",14,10,0.583333333333333
"801","SAC","OKC",10,34,0.227272727272727
"802","SAC","ORL",16,8,0.666666666666667
"803","SAC","PHI",12,12,0.5
"804","SAC","PHO",28,20,0.583333333333333
"805","SAC","POR",12,32,0.272727272727273
"806","SAC","SA",2,42,0.0454545454545455
"808","SAC","TOR",14,10,0.583333333333333
"809","SAC","UTA",14,28,0.333333333333333
"810","SAC","WAS",10,14,0.416666666666667
"811","TOR","ATL",28,16,0.636363636363636
"812","TOR","BKN",34,14,0.708333333333333
"813","TOR","BOS",28,20,0.583333333333333
"814","TOR","CHA",24,20,0.545454545454545
"815","TOR","CHI",18,26,0.409090909090909
"816","TOR","CLE",18,24,0.428571428571429
"817","TOR","DAL",16,8,0.666666666666667
"818","TOR","DEN",14,10,0.583333333333333
"819","TOR","DET",32,12,0.727272727272727
"820","TOR","GS",2,22,0.0833333333333333
"821","TOR","HOU",12,12,0.5
"822","TOR","IND",30,14,0.681818181818182
"823","TOR","LAC",12,12,0.5
"824","TOR","LAL",18,6,0.75
"825","TOR","MEM",16,8,0.666666666666667
"826","TOR","MIA",18,24,0.428571428571429
"827","TOR","MIL",30,12,0.714285714285714
"828","TOR","MIN",18,6,0.75
"829","TOR","NO",20,4,0.833333333333333
"830","TOR","NY",34,14,0.708333333333333
"831","TOR","OKC",8,16,0.333333333333333
"832","TOR","ORL",36,6,0.857142857142857
"833","TOR","PHI",38,10,0.791666666666667
"834","TOR","PHO",12,12,0.5
"835","TOR","POR",14,10,0.583333333333333
"836","TOR","SA",6,18,0.25
"837","TOR","SAC",10,14,0.416666666666667
"839","TOR","UTA",16,8,0.666666666666667
"840","TOR","WAS",32,12,0.727272727272727
"841","UTA","ATL",6,18,0.25
"842","UTA","BKN",16,8,0.666666666666667
"843","UTA","BOS",6,18,0.25
"844","UTA","CHA",16,8,0.666666666666667
"845","UTA","CHI",8,16,0.333333333333333
"846","UTA","CLE",10,14,0.416666666666667
"847","UTA","DAL",20,22,0.476190476190476
"848","UTA","DEN",26,22,0.541666666666667
"849","UTA","DET",18,6,0.75
"850","UTA","GS",14,30,0.318181818181818
"851","UTA","HOU",14,30,0.318181818181818
"852","UTA","IND",10,14,0.416666666666667
"853","UTA","LAC",10,34,0.227272727272727
"854","UTA","LAL",32,10,0.761904761904762
"855","UTA","MEM",18,24,0.428571428571429
"856","UTA","MIA",10,14,0.416666666666667
"857","UTA","MIL",18,6,0.75
"858","UTA","MIN",32,16,0.666666666666667
"859","UTA","NO",28,16,0.636363636363636
"860","UTA","NY",10,14,0.416666666666667
"861","UTA","OKC",12,36,0.25
"862","UTA","ORL",18,6,0.75
"863","UTA","PHI",18,6,0.75
"864","UTA","PHO",32,12,0.727272727272727
"865","UTA","POR",20,28,0.416666666666667
"866","UTA","SA",16,28,0.363636363636364
"867","UTA","SAC",28,14,0.666666666666667
"868","UTA","TOR",8,16,0.333333333333333
"870","UTA","WAS",16,8,0.666666666666667
"871","WAS","ATL",24,24,0.5
"872","WAS","BKN",28,14,0.666666666666667
"873","WAS","BOS",20,24,0.454545454545455
"874","WAS","CHA",20,28,0.416666666666667
"875","WAS","CHI",26,16,0.619047619047619
"876","WAS","CLE",14,30,0.318181818181818
"877","WAS","DAL",2,22,0.0833333333333333
"878","WAS","DEN",14,10,0.583333333333333
"879","WAS","DET",24,20,0.545454545454545
"880","WAS","GS",4,20,0.166666666666667
"881","WAS","HOU",8,16,0.333333333333333
"882","WAS","IND",20,22,0.476190476190476
"883","WAS","LAC",8,16,0.333333333333333
"884","WAS","LAL",18,6,0.75
"885","WAS","MEM",14,10,0.583333333333333
"886","WAS","MIA",20,28,0.416666666666667
"887","WAS","MIL",30,14,0.681818181818182
"888","WAS","MIN",12,12,0.5
"889","WAS","NO",22,2,0.916666666666667
"890","WAS","NY",32,10,0.761904761904762
"891","WAS","OKC",8,16,0.333333333333333
"892","WAS","ORL",38,10,0.791666666666667
"893","WAS","PHI",28,16,0.636363636363636
"894","WAS","PHO",16,8,0.666666666666667
"895","WAS","POR",14,10,0.583333333333333
"896","WAS","SA",6,18,0.25
"897","WAS","SAC",14,10,0.583333333333333
"898","WAS","TOR",12,32,0.272727272727273
"899","WAS","UTA",8,16,0.333333333333333
